證券代號,證券名稱,成交股數,成交筆數,成交金額,開盤價,最高價,最低價,收盤價,漲跌(+/-),漲跌價差,最後揭示買價,最後揭示買量,最後揭示賣價,最後揭示賣量,本益比
1101,台泥,14976358,6592,643570905,43,43.15,42.85,43.15,+,0.15,43.1,3,43.15,80,10.32
1102,亞泥,7837392,4521,358910560,45.5,46,45.4,45.85,+,0.2,45.8,7,45.85,333,12.7
1103,嘉泥,1127071,366,18925281,16.95,17,16.65,16.8,-,0.1,16.75,10,16.8,20,16
1104,環泥,116331,68,2263420,19.5,19.5,19.4,19.45,-,0.05,19.4,56,19.5,27,10.51
1108,幸福,91002,28,626593,6.87,6.94,6.87,6.89,-,0.03,6.89,1,6.9,3,0
1109,信大,607738,306,11091377,18.3,18.4,18.1,18.4, ,0,18.3,20,18.4,5,7.45
1110,東泥,16000,10,258200,16.15,16.2,16.05,16.2,+,0.15,16.05,55,16.2,7,115.71
1201,味全,2540638,1103,74195377,29.05,29.35,28.9,29.3,+,0.2,29.25,4,29.3,82,7.47
1203,味王,72341,41,1896498,26.2,26.4,26.15,26.3, ,0,26.2,5,26.4,3,13.08
1210,大成,1576129,968,61540754,39.05,39.2,38.8,39.05, ,0,39.05,584,39.1,22,17.13
1215,卜蜂,2142746,1095,137834110,64.6,65.3,63.4,63.7,-,0.7,63.7,6,63.8,1,18.36
1216,統一,5519941,2504,447514711,80.8,81.4,80.6,81.2,-,0.3,81.2,1,81.3,113,25.06
1217,愛之味,473967,205,3367598,7.13,7.14,7.08,7.11,-,0.02,7.1,9,7.11,35,142.2
1218,泰山,2739854,1084,58501948,21.9,21.9,21,21.2,-,0.7,21.15,74,21.2,35,20.99
1219,福壽,18933,17,340689,17.95,18.1,17.9,18.1, ,0,17.9,8,18.1,38,0
1220,台榮,11000,5,122800,11.15,11.2,11.15,11.2, ,0,11.1,20,11.2,12,28.72
1225,福懋油,41,10,2969,--,--,--,--, ,0,71.5,2,72.5,5,62.61
1227,佳格,2473508,1682,143599399,59.4,59.4,57.4,57.4,-,2.3,57.4,19,57.5,14,17.39
1229,聯華,1852728,1028,66558058,36.3,36.3,35.8,35.9,-,0.45,35.9,24,35.95,31,12.6
1231,聯華食,174372,140,7696282,44.5,44.5,44,44.05,-,0.45,44.05,44,44.1,2,14.16
1232,大統益,53208,64,6055920,115,115,113.5,114,-,1,113.5,7,114,2,18.12
1233,天仁,21195,18,815376,38.5,38.6,38.35,38.6,+,0.05,38.6,4,38.65,1,19.4
1234,黑松,14365,15,467462,32.65,32.65,32.5,32.65, ,0,32.5,10,32.7,5,17.65
1235,興泰,15895,11,446089,28,28.2,27.85,28.2,-,0.15,28,2,28.3,2,39.72
1236,宏亞,10001,8,132213,13.2,13.25,13.2,13.25,+,0.05,13.2,10,13.3,4,0
1256,鮮活果汁-KY,85440,80,15547798,185,185,180,182.5,-,1.5,180.5,2,182.5,3,12.01
1262,綠悅-KY,242100,150,6665600,28.15,28.3,27,27.05,-,1.25,27.05,5,27.25,1,0
1301,台塑,3763913,1409,413653465,110,110.5,109.5,110, ,0,110,35,110.5,583,15.28
1303,南亞,7160680,1691,560994620,78.5,78.5,78.1,78.5, ,0,78.4,30,78.5,41,14.04
1304,台聚,540790,243,6387114,11.9,11.9,11.75,11.8,-,0.1,11.75,114,11.8,1,23.14
1305,華夏,909191,395,19860716,21.85,21.9,21.8,21.85, ,0,21.85,8,21.9,18,12.07
1307,三芳,191586,130,4688987,24.95,24.95,24.2,24.5,-,0.3,24.3,4,24.5,1,32.24
1308,亞聚,925902,419,12759350,13.9,13.95,13.6,13.7,-,0.35,13.65,11,13.7,3,22.46
1309,台達化,547645,211,5661274,10.4,10.4,10.3,10.35, ,0,10.3,70,10.35,116,15.92
1310,台苯,1023294,521,24585006,24.15,24.15,24,24.15,+,0.15,24.1,2,24.15,65,11.03
1312,國喬,4466782,1868,89840725,20.1,20.25,20,20.05, ,0,20.05,27,20.1,121,7.21
1313,聯成,673284,240,7523310,11.25,11.25,11.1,11.15,-,0.1,11.15,71,11.2,14,79.64
1314,中石化,8249200,1799,92634548,11.3,11.35,11.15,11.2,-,0.1,11.2,855,11.25,327,8.68
1315,達新,17000,15,534550,31.75,31.75,31.3,31.55,-,0.2,31.4,2,31.55,5,24.84
1316,上曜,218206,133,3281759,15.15,15.15,15,15.05,-,0.05,15,35,15.05,53,0
1319,東陽,631464,488,26737615,42.5,42.8,42.1,42.1,-,0.4,42.1,16,42.15,4,12.91
1321,大洋,235000,87,6628700,28.5,28.5,28.1,28.3,-,0.2,28.2,5,28.3,1,0
1323,永裕,295265,128,10030718,34.25,34.25,33.75,33.75,-,0.55,33.75,26,33.8,8,10.17
1324,地球,0,0,0,--,--,--,--, ,0,10.95,5,11,25,275
1325,恆大,42026,29,672016,15.95,16.05,15.95,16.05,+,0.05,15.9,10,16.05,7,21.69
1326,台化,5005067,1931,537608669,107,108,107,107.5, ,0,107,838,107.5,507,14.14
1337,再生-KY,368999,141,2475851,6.8,6.84,6.63,6.7,-,0.1,6.67,2,6.7,4,0
1338,廣華-KY,68007,62,4328555,64.2,64.2,63.4,63.5,-,0.9,63.5,5,63.6,1,11.67
1339,昭輝,18000,15,641100,35.9,35.9,35.5,35.7,-,0.2,35.6,7,35.75,1,7.35
1340,勝悅-KY,407092,236,7344172,18.25,18.25,17.95,18.15,-,0.15,18.1,2,18.15,8,106.76
1341,富林-KY,7000,7,376900,53.9,53.9,53.7,53.9,+,0.3,53.7,1,54,3,17.67
1402,遠東新,5566875,1680,182106665,32.5,32.85,32.45,32.75,+,0.15,32.7,69,32.75,111,15.16
1409,新纖,800407,343,10649636,13.3,13.35,13.25,13.25,-,0.05,13.25,219,13.3,5,8.33
1410,南染,23516,19,641884,27.3,27.4,27.25,27.4, ,0,27.25,1,27.4,3,19.71
1413,宏洲,42977,35,523520,12.35,12.35,12.15,12.25, ,0,12.15,9,12.25,5,7.08
1414,東和,89010,31,610785,6.85,6.89,6.85,6.89,+,0.02,6.86,11,6.88,4,68.9
1416,廣豐,150096,65,2314826,15.45,15.55,15.3,15.45, ,0,15.4,19,15.45,29,15.61
1417,嘉裕,627555,166,3825403,6.11,6.13,6.08,6.1,-,0.01,6.09,26,6.1,64,0
1418,東華,2834,5,22001,7.55,7.88,7.55,7.88,X,0,7.9,2,8.19,1,0
1419,新紡,0,0,0,--,--,--,--, ,0,42.05,1,42.3,10,37.77
1423,利華,86808,27,898421,10.35,10.35,10.35,10.35,-,0.05,10.35,28,10.4,10,15
1432,大魯閣,44588,27,319023,7.07,7.25,7.07,7.22,-,0.02,7.13,1,7.22,1,0
1434,福懋,1180498,805,45654496,38.65,38.75,38.55,38.65, ,0,38.65,4,38.7,34,13.33
1435,中福,227001,52,1208065,5.44,5.44,5.31,5.33,-,0.06,5.31,1,5.33,13,133.25
1436,華友聯,7100,8,286499,40.3,40.4,40.3,40.35, ,0,40.35,1,40.75,2,10.62
1437,勤益控,283450,123,5867391,20.85,20.95,20.6,20.65,-,0.45,20.6,53,20.65,6,14.24
1438,裕豐,32517,19,310539,9.25,9.8,9.25,9.8,+,0.12,9.8,1,9.9,16,0
1439,中和,175528,111,5431129,30.9,31.4,30.8,30.8,-,0.05,30.8,9,31,11,0
1440,南紡,2043317,471,24797981,12.25,12.25,12,12.15,-,0.05,12.1,69,12.15,93,21.7
1441,大東,112585,55,1674528,14.75,15.05,14.75,14.9,+,0.15,14.8,11,14.9,23,1.28
1442,名軒,70300,38,1173609,16.7,16.75,16.6,16.7,-,0.05,16.65,20,16.7,3,151.82
1443,立益,189660,24,1515640,7.83,8.07,7.8,8, ,0,7.98,4,8.06,2,0
1444,力麗,552000,232,5516120,10,10.05,9.97,9.99,-,0.01,9.98,38,10,4,18.5
1445,大宇,24000,8,183930,7.69,7.69,7.64,7.68,-,0.01,7.64,5,7.68,12,0
1446,宏和,479000,327,13953650,29.8,29.8,28.6,29.15,-,0.7,29.15,4,29.2,1,0
1447,力鵬,1072445,312,8063664,7.5,7.56,7.5,7.51,+,0.01,7.5,41,7.51,7,20.3
1449,佳和,10999,11,48614,4.44,4.55,4.35,4.48,+,0.06,4.39,5,4.48,4,18.67
1451,年興,116304,76,3225369,27.9,27.9,27.6,27.75,-,0.05,27.6,15,27.75,3,11.19
1452,宏益,378314,223,7884769,20.85,21,20.7,20.75,-,0.05,20.75,11,20.8,32,14.12
1453,大將,13027,8,118886,9.2,9.2,9.11,9.15,-,0.05,9.12,1,9.16,1,0
1454,台富,20486,12,162019,7.95,7.98,7.87,7.94,+,0.01,7.89,3,7.94,9,36.09
1455,集盛,378080,124,3366087,8.95,8.95,8.86,8.86,-,0.09,8.86,9,8.9,18,0
1456,怡華,3000,3,27370,9.13,9.13,9.12,9.12,-,0.01,9.01,2,9.13,7,60.8
1457,宜進,1042002,444,15442074,15.05,15.05,14.75,14.75,-,0.3,14.75,1,14.8,76,9.05
1459,聯發,263124,77,1959309,7.48,7.5,7.41,7.5,+,0.02,7.5,1,7.51,5,0
1460,宏遠,389078,178,4458894,11.5,11.5,11.4,11.4,-,0.1,11.4,178,11.45,4,42.22
1463,強盛,171100,105,2679915,15.8,15.8,15.6,15.65,-,0.15,15.6,50,15.65,1,12.52
1464,得力,3352610,1673,88066088,25.9,26.6,25.8,26.4,+,0.6,26.35,37,26.4,15,26.4
1465,偉全,78000,28,1168950,15.05,15.1,14.95,15,-,0.05,14.95,12,15,2,4.03
1466,聚隆,11282,8,102093,8.91,9.1,8.91,9.09,+,0.08,9.01,5,9.08,1,0
1467,南緯,108100,52,1002414,9.39,9.4,9.23,9.24,-,0.07,9.24,18,9.3,8,40.17
1468,昶和,15000,8,152750,10.2,10.25,10.15,10.25,+,0.05,10.1,1,10.2,1,22.78
1470,大統新創,2000,1,45000,22.5,22.5,22.5,22.5,+,0.15,22,1,22.5,2,30.82
1471,首利,92537,54,417414,4.47,4.57,4.47,4.51,-,0.01,4.5,3,4.54,6,0
1472,三洋紡,183000,66,6284550,34.7,34.7,33.9,33.9,-,0.6,33.9,2,34,4,0
1473,台南,437500,171,12419675,28.5,29,28.15,28.15,-,0.35,28.15,3,28.2,2,18.04
1474,弘裕,25003,20,250438,10,10.05,9.99,9.99,-,0.06,9.98,13,9.99,2,17.84
1475,本盟,2316,4,14816,6.5,6.5,6.32,6.32,X,0,6.31,1,6.75,1,0
1476,儒鴻,658619,495,270345909,408.5,412,408.5,412,+,1,411.5,5,412,21,25.75
1477,聚陽,1156759,815,237125854,206,206,204,206, ,0,205.5,15,206,16,25.78
1503,士電,157613,107,7249540,46.3,46.3,45.85,45.95,-,0.15,45.95,2,46,9,14.82
1504,東元,4108298,1199,92245420,22.45,22.6,22.4,22.45,+,0.05,22.45,484,22.5,63,13.44
1506,正道,108004,43,1970673,18.5,18.5,18,18.35,-,0.3,18,5,18.35,2,0
1507,永大,55338,59,3754780,67.8,68,67.7,67.8,-,0.1,67.7,2,67.9,10,61.64
1512,瑞利,54193,16,296640,5.65,5.65,5.4,5.4,-,0.3,5.4,13,5.5,8,0
1513,中興電,488366,169,10213475,20.9,21,20.85,20.95,+,0.1,20.9,41,20.95,25,14.96
1514,亞力,1570026,701,26672088,17.05,17.15,16.8,17,+,0.05,16.95,16,17,21,14.66
1515,力山,1036064,799,83240663,80.7,81,79.7,80.7, ,0,80.5,1,80.7,13,12.08
1516,川飛,7536,6,114870,15.25,15.25,15.25,15.25, ,0,15.2,5,15.3,1,39.1
1517,利奇,42377,25,409775,9.66,9.7,9.66,9.68,-,0.01,9.67,1,9.68,3,15.61
1519,華城,7187930,3466,192569910,26.6,27.25,26.2,27,+,1.1,26.9,4,27,46,25.71
1521,大億,9100,10,563190,62,62,61.8,61.9,-,0.1,61.8,25,62.4,1,14
1522,堤維西,404357,250,10993976,27.55,27.55,26.9,27.1,-,0.35,27.1,14,27.15,5,14.57
1524,耿鼎,264400,82,2750380,10.45,10.5,10.35,10.45, ,0,10.4,14,10.45,6,9.17
1525,江申,64060,60,3548942,56,56,55.2,55.2,-,0.8,55.1,6,55.2,1,8.93
1526,日馳,705200,523,20928200,29.15,30.15,29.15,29.55,+,0.4,29.55,18,29.6,9,14.49
1527,鑽全,404800,287,22568800,55.7,56,55.5,55.6,-,0.1,55.6,24,55.8,16,5.91
1528,恩德,111003,52,1030077,9.31,9.31,9.25,9.27,-,0.11,9.25,2,9.27,2,92.7
1529,樂士,15000,9,234250,15.8,15.8,15.5,15.5,-,0.4,15.5,7,15.8,2,24.6
1530,亞崴,17000,15,512700,30.5,30.5,30.1,30.1,-,0.7,30.1,1,30.5,11,8.72
1531,高林股,608063,188,9800120,16.4,16.4,15.8,16.05,-,0.35,16,21,16.05,4,20.58
1532,勤美,149322,97,5201472,34.75,35,34.7,34.7,-,0.05,34.7,17,34.8,3,8.59
1533,車王電,36400,24,1238070,34.05,34.2,33.95,33.95,-,0.05,33.9,11,34,1,15.29
1535,中宇,62000,27,2010450,32.4,32.8,32.35,32.5,-,0.35,32.4,11,32.6,1,46.43
1536,和大,521895,408,47934855,91.5,92.6,91.2,91.7,+,0.2,91.7,4,91.9,8,20.33
1537,廣隆,112245,100,18356781,164.5,164.5,162.5,163.5,-,1,163.5,16,164,18,12.85
1538,正峰新,12091,12,54869,4.51,4.67,4.51,4.55,X,0,4.54,1,4.67,3,0
1539,巨庭,23000,20,546150,23.9,23.9,23.7,23.7,-,0.2,23.7,10,23.75,1,4.3
1540,喬福,372400,209,8312418,22.2,22.45,22.2,22.4,+,0.2,22.4,10,22.45,18,10.62
1541,錩泰,6000,6,171400,29.2,29.2,28.2,28.35,-,0.1,28.1,2,28.45,1,18.65
1558,伸興,240773,211,35130966,149,149,145,145.5,-,2.5,145.5,4,146,2,8.31
1560,中砂,49100,44,2892749,59.1,59.1,58.8,59,-,0.1,58.9,2,59,3,12.4
1568,倉佑,59000,37,1162450,19.55,19.8,19.5,19.8,+,0.3,19.75,3,19.8,1,41.25
1582,信錦,164800,158,13148611,80.1,80.1,79.5,80, ,0,79.9,7,80,1,10.2
1583,程泰,4000,4,227400,56.2,57.3,56.2,57.3,-,0.5,56.7,1,57.5,1,9.88
1587,吉茂,103000,37,1922400,18.75,18.75,18.6,18.6,-,0.25,18.55,13,18.6,14,23.54
1589,永冠-KY,3288000,2326,196292800,61.2,61.6,58.1,58.5,-,1.4,58.5,4,58.6,10,0
1590,亞德客-KY,1755170,1490,538252200,312,316,302.5,306,-,9,305.5,9,306,2,21.86
1592,英瑞-KY,211000,145,4693100,22.3,22.65,22,22.3,+,0.35,22.05,1,22.3,6,0
1598,岱宇,406393,245,16733661,40.8,41.3,40.8,41.25,+,0.5,41.2,4,41.25,14,13.89
1604,聲寶,975312,321,16801578,17.2,17.3,17.2,17.2, ,0,17.2,133,17.25,64,9.66
1605,華新,8756254,1679,141362446,16.2,16.25,16,16.15,-,0.05,16.1,120,16.15,172,6.41
1608,華榮,978491,251,9909659,10.2,10.25,10.05,10.05,-,0.2,10.05,121,10.1,24,0
1609,大亞,2440911,768,27770842,11.45,11.5,11.3,11.35,-,0.15,11.35,19,11.4,95,20.27
1611,中電,556018,263,5243487,9.6,9.61,9.35,9.42,-,0.25,9.4,5,9.42,8,33.64
1612,宏泰,333010,61,3355550,10.15,10.15,10,10.05,-,0.05,10.05,3,10.1,1,20.1
1614,三洋電,867160,470,25842428,30.65,30.8,29.05,29.3,-,1.55,29.3,7,29.35,23,36.62
1615,大山,17112,15,296676,17.4,17.4,17.15,17.3,+,0.2,17.2,3,17.35,6,10.12
1616,億泰,6500,5,29540,4.55,4.56,4.54,4.56,-,0.02,4.54,6,4.56,3,0
1617,榮星,8000,8,109250,13.75,13.75,13.5,13.7,+,0.05,13.5,1,13.65,2,9.58
1618,合機,124363,33,1042168,8.42,8.43,8.33,8.43,+,0.01,8.33,18,8.45,1,0
1626,艾美特-KY,180000,58,4520350,25.6,25.6,24.7,24.8,-,0.4,24.8,13,24.9,1,35.94
1701,中化,202807,110,3824040,18.8,18.95,18.8,18.8, ,0,18.8,102,18.85,4,16.21
1702,南僑,359288,251,19258593,53.6,54,53.3,53.4,-,0.3,53.4,2,53.5,4,13.35
1707,葡萄王,202994,199,42739234,212,213,209,209,-,3,209,32,210,7,21.86
1708,東鹼,86828,54,2242068,25.9,25.9,25.75,25.8,-,0.1,25.8,4,25.85,8,16.86
1709,和益,94038,53,1278814,13.6,13.65,13.55,13.65,+,0.05,13.6,5,13.65,89,19.78
1710,東聯,1205112,581,29763057,25,25,24.45,24.65,-,0.3,24.65,1,24.7,9,16.01
1711,永光,221730,108,3762433,17,17,16.95,16.95, ,0,16.95,29,17,15,22.01
1712,興農,1700232,676,35542666,21,21.1,20.8,20.85,-,0.15,20.85,26,20.9,53,11.21
1713,國化,26252,11,497362,19,19.05,18.85,19.05, ,0,18.85,10,19.05,4,28.86
1714,和桐,6544392,1561,49273725,7.63,7.7,7.35,7.36,-,0.23,7.36,48,7.38,10,26.29
1717,長興,335370,243,8992860,26.9,26.9,26.75,26.8,-,0.1,26.75,5,26.8,15,16.24
1718,中纖,2905469,808,26719856,9.14,9.25,9.12,9.16,-,0.01,9.16,79,9.17,51,15.27
1720,生達,103121,61,3369794,32.75,32.8,32.6,32.8,+,0.05,32.8,1,32.85,1,15.33
1721,三晃,44220,19,404664,9.22,9.25,9.1,9.14,-,0.1,9.13,3,9.2,3,38.08
1722,台肥,6584721,3191,319251138,49.05,49.1,48.2,48.25,-,0.95,48.25,64,48.3,328,19.61
1723,中碳,506488,89,71950128,131.5,131.5,130.5,131,-,0.5,131,7,131.5,13,19.32
1724,台硝,33000,17,433950,13.15,13.2,13.1,13.2,+,0.05,13.15,1,13.2,11,16.92
1725,元禎,17226,10,255544,14.8,14.9,14.8,14.8,-,0.05,14.8,2,14.85,22,12.44
1726,永記,17000,10,1245200,73,73.6,73,73.6,+,0.6,73,1,73.6,5,16.96
1727,中華化,24106,18,314828,13.15,13.15,13,13,-,0.15,13,19,13.05,2,22.03
1730,花仙子,308946,277,27353117,88.8,89,88,88.5,+,0.2,88.5,29,88.6,5,14.7
1731,美吾華,103150,54,1384316,13.45,13.45,13.35,13.45, ,0,13.4,7,13.45,8,20.07
1732,毛寶,46000,19,479800,10.45,10.5,10.4,10.5,-,0.05,10.35,12,10.5,1,43.75
1733,五鼎,254000,184,8506150,33.45,33.8,33.3,33.8,+,0.35,33.7,3,33.8,13,33.8
1734,杏輝,32282,32,624305,19.45,19.45,19.25,19.4,-,0.1,19.35,2,19.4,3,485
1735,日勝化,3160,4,49870,15.55,15.9,15.55,15.9,+,0.15,15.7,1,15.9,1,49.69
1736,喬山,15503772,9693,1029829831,63.8,69.9,63.8,69.9,+,6.2,69.5,2,69.9,28,34.6
1737,臺鹽,290423,197,9850833,33.9,34,33.8,33.9,-,0.05,33.85,10,33.9,5,14.74
1760,寶齡富錦,840785,692,75215735,90.2,91.1,88.7,89.1,-,1.3,89,30,89.1,3,35.36
1762,中化生,488770,301,12925375,26.5,26.95,25.95,25.95,-,0.35,25.95,1,26.05,2,7.41
1773,勝一,55224,48,4799412,86.3,87.8,86.3,86.8,-,0.7,86.8,1,87,2,14.35
1776,展宇,7000,5,115550,16.5,16.55,16.5,16.55,+,0.3,16.35,2,16.6,1,0
1783,和康生,43000,30,1016900,24,24,23.55,23.55,-,0.35,23.55,4,23.7,2,29.44
1786,科妍,229081,116,14131208,62.8,62.8,61.2,61.9, ,0,61.8,1,62,3,44.21
1789,神隆,336761,224,8346365,25.2,25.25,24.55,24.65,-,0.65,24.6,4,24.65,5,50.31
1802,台玻,752676,203,9124961,12.15,12.2,12.05,12.05,-,0.1,12.05,83,12.15,46,0
1805,寶徠,9838,9,94789,9.7,9.7,9.6,9.7,-,0.01,9.3,3,9.7,3,0
1806,冠軍,163411,58,1136921,7.05,7.05,6.91,6.96,-,0.04,6.96,3,6.97,3,0
1808,潤隆,303961,269,19078798,63,63.4,62.5,62.7,-,0.3,62.6,14,62.8,47,15.07
1809,中釉,21013406,8757,305768953,13.85,15.15,13.85,14.8,+,0.95,14.75,102,14.8,8,1480
1810,和成,64393,32,509207,7.94,7.94,7.89,7.94,-,0.01,7.9,5,7.94,17,0
1817,凱撒衛,197100,113,7480805,38.3,38.3,37.8,38.05,-,0.6,38,6,38.05,3,11.57
1902,台紙,96192,56,1734745,18.1,18.1,18,18, ,0,18,43,18.1,2,23.68
1903,士紙,14360,14,444402,31.15,31.2,30.8,31.2,+,0.05,30.7,2,31.2,3,0
1904,正隆,721318,325,14035564,19.35,19.55,19.35,19.4, ,0,19.4,115,19.45,7,9.7
1905,華紙,228355,105,2187715,9.62,9.62,9.56,9.6,-,0.03,9.56,22,9.6,3,21.82
1906,寶隆,478000,83,6407050,13.4,13.45,13.3,13.3,-,0.1,13.3,25,13.35,4,3.83
1907,永豐餘,673641,265,7845009,11.75,11.75,11.6,11.6,-,0.15,11.6,134,11.65,11,13.33
1909,榮成,6140393,2590,86487436,14.25,14.3,13.9,14.05,-,0.2,14,97,14.05,76,19.79
2002,中鋼,10872021,3601,263956393,24.2,24.35,24.15,24.35,+,0.15,24.3,9,24.35,104,16.02
2006,東和鋼鐵,297679,181,6629904,22.25,22.3,22.2,22.25,-,0.05,22.2,124,22.3,284,23.42
2007,燁興,14773,14,71318,4.82,4.84,4.82,4.82,+,0.01,4.82,2,4.83,3,0
2008,高興昌,5525,8,68180,12.35,12.35,12.35,12.35, ,0,12.35,29,12.4,10,0
2009,第一銅,262621,102,2639660,10.1,10.1,10,10.05,-,0.05,10.05,23,10.1,6,59.12
2010,春源,102437,48,1072114,10.5,10.5,10.45,10.45,-,0.05,10.45,63,10.5,23,33.71
2012,春雨,77000,36,1786450,23.4,23.5,23.1,23.1,-,0.05,23.1,15,23.15,7,12.62
2013,中鋼構,151320,116,3906221,26,26,25.7,25.75,-,0.25,25.7,26,25.75,14,45.18
2014,中鴻,2854711,717,29998015,10.5,10.55,10.45,10.5, ,0,10.5,283,10.55,359,6.33
2015,豐興,126624,75,8119330,64.2,64.4,63.9,64,-,0.2,63.9,8,64,4,12.62
2017,官田鋼,198802,78,1596276,8.06,8.06,8.01,8.02,-,0.04,8.02,15,8.03,16,34.87
2020,美亞,123438,70,2041919,16.6,16.6,16.5,16.6,-,0.05,16.55,2,16.6,40,8.56
2022,聚亨,1008324,216,6860646,6.79,6.83,6.77,6.81,+,0.02,6.81,6,6.82,51,0
2023,燁輝,755779,323,6933194,9.21,9.26,9.13,9.17,-,0.09,9.17,19,9.18,63,0
2024,志聯,86000,11,932200,10.85,10.85,10.8,10.85,-,0.05,10.8,52,10.85,15,16.69
2025,千興,33756,9,59391,1.79,1.79,1.75,1.75, ,0,1.76,1,1.77,22,0
2027,大成鋼,1208917,661,53177140,44.15,44.15,43.9,43.95,-,0.05,43.95,95,44,2,9.08
2028,威致,261148,37,2436828,9.32,9.38,9.32,9.34,+,0.01,9.32,15,9.34,3,7.53
2029,盛餘,41160,28,761392,18.7,18.7,18.45,18.55,-,0.15,18.55,2,18.6,2,97.63
2030,彰源,160974,68,2060613,12.9,12.9,12.75,12.75,-,0.05,12.75,44,12.85,29,8.02
2031,新光鋼,765384,491,24010798,31.5,31.75,31.15,31.15,-,0.25,31.15,6,31.25,10,51.92
2032,新鋼,42197,18,368813,8.73,8.77,8.73,8.77,-,0.05,8.73,4,8.79,1,58.47
2033,佳大,59010,37,588850,10.05,10.05,9.92,10.05,+,0.07,9.94,10,10,3,100.5
2034,允強,252401,116,6705793,26.7,26.7,26.5,26.55,-,0.05,26.55,34,26.6,41,11.16
2038,海光,135000,65,1031510,7.63,7.72,7.58,7.59,-,0.13,7.59,26,7.69,2,0
2049,上銀,1498753,1190,348826949,234.5,235.5,231,232,-,4,232,15,232.5,11,14.54
2059,川湖,326221,304,96711526,300.5,303.5,290,293,-,7.5,292.5,4,293,1,14.69
2062,橋椿,153009,99,5377768,35.35,35.35,35.05,35.15,-,0.05,35.1,1,35.2,39,41.85
2069,運錩,92000,56,2171700,23.65,23.7,23.55,23.55,-,0.1,23.55,7,23.6,4,4.45
2101,南港,970224,344,33396136,34.95,34.95,34.15,34.25,-,0.65,34.25,71,34.3,5,74.46
2102,泰豐,3654291,1131,45751804,12.85,12.85,12.35,12.4,-,0.4,12.35,271,12.4,23,0
2103,台橡,268589,197,7411719,27.75,27.75,27.5,27.55,-,0.2,27.55,11,27.6,6,18.37
2104,國際中橡,12731307,6287,445141199,35.6,35.6,34.3,35.05,-,0.9,35.05,5,35.1,70,10.19
2105,正新,2930335,1335,117527840,40.1,40.3,39.95,40.15,+,0.05,40.05,21,40.15,126,38.98
2106,建大,210843,137,6085476,29,29,28.7,28.85,-,0.15,28.75,3,28.85,8,31.36
2107,厚生,336094,150,5952457,17.7,17.8,17.65,17.8, ,0,17.7,10,17.8,45,23.12
2108,南帝,1249678,464,46097273,37,37.05,36.75,36.9,-,0.05,36.85,1,36.9,76,10.6
2109,華豐,25024,20,278616,11.15,11.25,11,11.2,+,0.05,11.1,1,11.2,13,0
2114,鑫永銓,14609,19,1243824,85.2,85.5,85,85.1,+,0.1,85.1,2,85.2,1,13.68
2115,六暉-KY,13100,11,516760,39.65,39.65,39.35,39.35,-,0.55,39.35,2,39.85,1,13.81
2201,裕隆,12864586,5423,293837648,23.15,23.45,22.55,22.55,-,0.65,22.55,197,22.6,249,35.23
2204,中華,459946,238,12584719,27.4,27.5,27.3,27.3,-,0.1,27.3,54,27.35,17,12.47
2206,三陽工業,961389,435,20497371,21.6,21.6,21.2,21.4, ,0,21.3,32,21.4,44,6.29
2207,和泰車,325268,290,165338144,507,510,503,510,-,1,509,11,510,6,28.36
2208,台船,1898957,964,50724464,27,27.25,26.4,26.4,-,0.7,26.4,43,26.5,3,0
2227,裕日車,37690,45,10342595,273,276.5,273,276,+,3,275,7,276,3,13.16
2228,劍麟,64100,61,5471200,85.3,85.7,85.1,85.4,+,0.1,85.2,2,85.4,1,12.36
2231,為升,345342,318,92636156,270,272.5,266,266,-,8,266,9,267,3,26.52
2236,百達-KY,124824,26,3293568,26.5,26.5,25.7,25.75,-,0.65,25.75,2,26.2,1,10.06
2239,英利-KY,13000,12,1404000,109,109,107.5,107.5,-,1.5,107.5,3,108.5,1,12.15
2243,宏旭-KY,60001,29,885914,14.9,14.9,14.6,14.65,-,0.2,14.6,1,14.65,3,0
2301,光寶科,4927451,2354,223058776,45,45.5,45,45.45, ,0,45.3,2,45.45,454,12.59
2302,麗正,76113,41,591378,7.8,7.8,7.74,7.74,-,0.1,7.74,4,7.79,2,35.18
2303,聯電,32018239,5756,416978609,12.9,13.1,12.85,13.05,+,0.15,13,115,13.05,238,31.83
2305,全友,114261,38,684736,5.99,6.01,5.98,6.01,+,0.03,5.99,20,6,2,300.5
2308,台達電,4861375,2575,717699500,146,149.5,145.5,148,+,2,147.5,5,148,138,20.47
2312,金寶,767125,325,7808107,10.2,10.25,10.15,10.15,-,0.1,10.15,180,10.2,81,15.62
2313,華通,3190234,1378,74726663,23.45,23.6,23.3,23.4,-,0.05,23.4,126,23.45,145,12.51
2314,台揚,2634184,1458,63512438,23.45,24.5,23.35,24.25,+,0.55,24.25,3,24.3,53,105.43
2316,楠梓電,2509776,855,53528501,21.3,21.55,20.85,21.5,+,0.15,21.45,1,21.5,18,10.09
2317,鴻海,38757260,15184,2760665454,71,72,71,71.1,+,0.1,71.1,835,71.2,348,7.9
2321,東訊,137053,44,285262,1.99,2.12,1.99,2.09,+,0.09,2.08,5,2.09,33,0
2323,中環,20710493,4198,143545785,6.9,7.04,6.84,6.86,+,0.02,6.86,76,6.87,1,10.89
2324,仁寶,5998553,1835,117409367,19.6,19.65,19.5,19.6, ,0,19.55,14,19.6,584,9.61
2327,國巨,9531446,7416,2367165162,255,255,245,245,-,11,245,270,245.5,10,3.23
2328,廣宇,1355381,749,30960896,23,23.2,22.65,22.7,-,0.35,22.7,15,22.75,1,9.7
2329,華泰,1117048,444,16067375,14.55,14.6,14.25,14.35,-,0.25,14.35,1,14.4,31,159.44
2330,台積電,34651731,14723,8008768323,231.5,232,229.5,232,-,3,232,91,232.5,824,18.63
2331,精英,184765,74,2228230,12.1,12.1,12.05,12.05,-,0.1,12.05,7,12.1,14,66.94
2332,友訊,1579691,576,18351976,11.75,11.75,11.55,11.6,-,0.1,11.55,359,11.6,2,0
2337,旺宏,21799046,7376,474258320,21.8,22,21.65,21.75,+,0.1,21.75,53,21.8,967,5.51
2338,光罩,508440,327,11277472,22.4,22.45,22,22.1,-,0.4,22.1,17,22.15,9,24.29
2340,光磊,893974,476,18290918,20.4,20.6,20.35,20.4, ,0,20.35,104,20.4,76,14.89
2342,茂矽,132769,123,2439634,18.55,18.55,18.15,18.45,-,0.2,18.4,1,18.45,6,21.45
2344,華邦電,5883300,1473,82324217,14.1,14.15,13.9,13.95,-,0.15,13.95,317,14,289,8.83
2345,智邦,4876506,3129,571572457,120,120.5,115,117.5,-,2.5,117,42,117.5,162,20.47
2347,聯強,1859000,779,70269646,38.15,38.3,37.65,37.7,-,0.45,37.7,20,37.75,14,10.41
2348,海悅,121061,71,4863248,40.45,40.45,40.1,40.15,-,0.05,40.15,2,40.2,10,8.88
2349,錸德,2974339,957,25262163,8.41,8.55,8.41,8.45,-,0.01,8.45,43,8.46,3,0
2351,順德,197020,159,12437566,63.3,63.5,62.6,62.7,-,0.8,62.7,2,62.8,1,13.81
2352,佳世達,7841455,2658,152922169,19.25,19.65,19.25,19.5,+,0.3,19.5,76,19.55,14,9.75
2353,宏碁,2789045,1166,52636930,18.85,19,18.8,18.85, ,0,18.8,88,18.85,75,18.66
2354,鴻準,1182934,875,72401641,61.1,61.8,60.9,61.1,-,0.4,61,8,61.1,12,9.7
2355,敬鵬,363559,287,11570649,32.15,32.15,31.55,31.65,-,0.7,31.65,26,31.7,7,316.5
2356,英業達,6948875,2369,160231725,23.25,23.25,22.95,22.95,-,0.3,22.95,380,23,31,11.89
2357,華碩,573110,498,124110802,216,217.5,216,216.5,-,1.5,216,183,216.5,9,39.8
2358,廷鑫,111260,48,1733305,15.6,15.75,15.45,15.7,+,0.05,15.55,1,15.7,17,27.07
2359,所羅門,1737429,919,37549021,22.1,22.1,21.3,21.5,-,0.9,21.5,13,21.55,5,8.21
2360,致茂,413435,376,55113855,134,134.5,132,133,-,1,133,7,133.5,4,22.97
2362,藍天,139475,107,3886882,28,28.05,27.65,27.65,-,0.35,27.6,43,27.7,1,17.28
2363,矽統,884510,376,7082981,8.04,8.12,7.9,7.95,-,0.09,7.94,11,7.95,1,0
2364,倫飛,33941,16,89851,2.5,2.67,2.5,2.67,+,0.12,2.57,10,2.67,4,0
2365,昆盈,167272,79,1393150,8.38,8.38,8.3,8.32,-,0.06,8.31,12,8.32,23,55.47
2367,燿華,3700963,1238,69238858,18.7,18.9,18.55,18.65,-,0.05,18.65,97,18.7,71,14.24
2368,金像電,1394900,519,15097564,10.9,10.95,10.75,10.75,-,0.15,10.7,252,10.75,30,34.68
2369,菱生,216381,145,1819875,8.43,8.46,8.37,8.38,-,0.01,8.38,1,8.4,10,0
2371,大同,28993663,10647,644316436,21.2,23,21.2,22.1,+,0.4,22.1,17,22.15,296,0
2373,震旦行,30663,38,2937781,95,96.3,95,96.2,+,1.7,96,1,96.2,1,14.13
2374,佳能,583037,310,8497423,14.85,14.85,14.4,14.4,-,0.45,14.4,35,14.5,1,0
2375,智寶,1179742,758,47527101,41.1,41.1,39.95,40.1,-,0.95,40.1,8,40.15,2,2.03
2376,技嘉,949286,625,42715620,45.1,45.25,44.8,44.95,+,0.1,44.9,6,44.95,7,23.78
2377,微星,3101499,1904,250290116,80.7,81.6,80.1,80.1,-,0.6,80,98,80.1,69,12.92
2379,瑞昱,5937210,4334,1216867441,206,209.5,201,204,-,1.5,203.5,11,204,88,21.21
2380,虹光,1966474,348,6269665,2.99,3.24,2.95,3.24,+,0.29,3.24,490,--,0,0
2382,廣達,3504157,2161,204299448,58.2,58.5,57.9,58.2,-,0.1,58.1,87,58.2,68,14.48
2383,台光電,4362139,3075,360009434,84.2,84.9,81.7,82,-,2.2,82,41,82.3,6,13.44
2385,群光,3285391,2007,250810969,75.9,77.7,75.2,76.3,+,1.1,76.3,107,76.4,69,11.27
2387,精元,237490,58,4247343,17.7,17.95,17.65,17.9,+,0.15,17.85,2,17.9,3,17.05
2388,威盛,928931,541,29407469,32.1,32.1,31.45,31.5,-,0.55,31.5,1,31.55,1,286.36
2390,云辰,913722,459,10993154,12.2,12.2,11.9,11.9,-,0.25,11.9,8,11.95,68,0
2392,正崴,864139,603,26618459,31,31.05,30.65,30.65,-,0.45,30.6,39,30.65,2,12.26
2393,億光,570062,253,16128154,28.15,28.65,28.05,28.3,+,0.15,28.2,4,28.3,22,16.26
2395,研華,581897,484,151003926,259.5,261,257,259.5, ,0,259,1,259.5,19,27.69
2397,友通,70390,63,6092017,85.7,87,85.7,86.2, ,0,86,6,86.2,2,15.53
2399,映泰,1093014,508,11177842,10.45,10.5,10.05,10.15,-,0.3,10.15,12,10.2,58,0
2401,凌陽,414508,200,4940491,12,12,11.9,11.9,-,0.1,11.9,48,11.95,36,0
2402,毅嘉,139783,92,2016451,14.35,14.6,14.35,14.4,-,0.1,14.4,4,14.45,2,17.78
2404,漢唐,1102630,939,157507960,142,144.5,141.5,143.5,+,2,143,11,143.5,49,10.24
2405,浩鑫,754200,408,9071158,12.1,12.25,11.9,11.95,-,0.3,11.95,6,12,51,0
2406,國碩,14587939,4478,133618971,9.1,9.39,8.98,9.02,+,0.11,9.02,33,9.06,6,0
2408,南亞科,17602215,8549,1043708324,60.1,60.2,58.8,59.2,-,1.3,59.1,300,59.2,54,5.03
2409,友達,28637719,5482,261030568,9.24,9.24,9.06,9.06,-,0.19,9.06,150,9.08,381,41.18
2412,中華電,2569079,1452,291097427,113,113.5,113,113.5, ,0,113,743,113.5,1445,25.06
2413,環科,136200,96,2528218,18.6,18.9,18.4,18.45,-,0.15,18.45,4,18.6,7,87.86
2414,精技,57787,41,1216777,21.1,21.1,21.05,21.05, ,0,21.05,4,21.1,2,13.07
2415,錩新,76176,64,1712542,22.3,22.65,22.25,22.6,+,0.3,22.55,20,22.6,1,23.3
2417,圓剛,262700,134,2847309,10.9,10.95,10.8,10.8,-,0.1,10.8,1,10.85,5,0
2419,仲琦,852942,427,17825999,20.95,21.15,20.7,20.7,+,0.1,20.7,53,20.75,2,24.64
2420,新巨,408270,239,15088584,36.5,37.15,36.5,36.85,+,0.3,36.8,15,36.85,8,10.24
2421,建準,576300,436,18222039,31.45,31.8,31.35,31.7,+,0.25,31.65,7,31.7,1,13.55
2423,固緯,54000,44,1509200,27.9,28.15,27.85,28, ,0,27.9,1,28,12,11.62
2424,隴華,3000,3,90700,29.95,30.75,29.95,30.75,+,0.75,28.5,1,30.7,1,0
2425,承啟,137101,99,3819895,28.45,28.45,27.65,27.7,-,0.5,27.7,5,27.75,9,15.3
2426,鼎元,553050,368,8972451,16.2,16.3,16.1,16.2,+,0.1,16.2,49,16.25,2,8.62
2427,三商電,72034,44,740949,10.3,10.35,10.25,10.35, ,0,10.3,31,10.35,14,17.84
2428,興勤,101012,88,7829243,77.7,78.5,77.2,77.6,-,0.4,77.5,1,77.7,2,8.76
2429,銘旺科,253000,3,3795000,15,15,15,15, ,0,14.55,1,15.25,2,0
2430,燦坤,42337,30,807153,19.1,19.1,19,19.05, ,0,19.05,2,19.15,6,20.71
2431,聯昌,114205,64,1133448,9.9,9.98,9.84,9.87,-,0.09,9.87,2,9.98,3,0
2433,互盛電,189557,101,8985039,47.65,47.65,47.25,47.4,-,0.25,47.35,6,47.4,1,11.94
2434,統懋,42000,21,273270,6.57,6.57,6.49,6.5,-,0.04,6.5,2,6.55,12,0
2436,偉詮電,430429,238,10744625,25,25.15,24.85,25,+,0.05,24.95,22,25,2,18.25
2438,翔耀,11059,6,76807,6.95,6.95,6.95,6.95, ,0,6.62,2,6.94,7,0
2439,美律,5948644,4064,960391184,159,163.5,158,161.5,+,4.5,161,24,161.5,32,13
2440,太空梭,26000,17,210960,8.16,8.2,8,8.2,-,0.18,8.2,11,8.23,1,0
2441,超豐,255422,229,10556166,41.3,41.5,41.15,41.3,+,0.05,41.3,2,41.35,14,11.25
2442,新美齊,2598826,856,33886919,13.2,13.2,12.85,13.1,-,0.05,13.1,86,13.15,116,3.11
2443,新利虹,58318,24,196448,3.38,3.38,3.36,3.37,-,0.04,3.37,4,3.38,5,0
2444,兆勁,1393152,253,28132290,19.95,20.3,19.95,20.15, ,0,20.15,101,20.2,60,0
2448,晶電,4291970,1636,103186720,24.05,24.2,23.9,23.95,-,0.15,23.95,50,24,8,0
2449,京元電子,5564827,2986,145266202,26.15,26.4,25.8,26,+,0.2,25.95,179,26,27,17.45
2450,神腦,49472,39,1552318,31.45,31.45,31.3,31.3,-,0.15,31.4,1,31.45,2,27.95
2451,創見,344301,262,24735190,71.3,72,71.3,71.7,+,0.4,71.7,3,71.8,1,15.66
2453,凌群,4200416,1728,65653195,15.6,15.9,15.25,15.65,+,0.15,15.6,1,15.65,43,18.63
2454,聯發科,6168786,4058,1902728516,312,312,305.5,307,-,6,306.5,73,307,37,22.62
2455,全新,2570614,1859,187872013,73.8,74.7,71.8,72.2,-,2.5,72.2,11,72.3,6,35.57
2456,奇力新,3061915,2433,245405800,81.5,81.8,79.5,79.7,-,1.4,79.7,18,79.8,33,6.58
2457,飛宏,467366,176,4180210,9,9.04,8.87,8.9,-,0.11,8.9,5,8.91,2,0
2458,義隆,1528550,1105,110904417,73.3,73.8,71.9,71.9,-,1.4,71.9,11,72,1,12.4
2459,敦吉,16285,12,625164,38.45,38.45,38.25,38.25,-,0.1,38.25,8,38.35,1,9.35
2460,建通,76009,26,756349,10,10,9.91,9.92,-,0.13,9.92,6,9.95,1,0
2461,光群雷,43002,20,595027,13.8,13.9,13.8,13.85,+,0.05,13.8,11,13.85,5,35.51
2462,良得電,27001,25,754627,28,28,27.85,28, ,0,27.95,3,28,10,29.47
2464,盟立,720636,450,32995706,46,46.1,45.65,45.95,-,0.15,45.9,5,45.95,11,8.97
2465,麗臺,234003,149,2870086,12.15,12.4,12.15,12.25, ,0,12.25,21,12.3,1,0
2466,冠西電,73000,41,2406600,33.2,33.2,32.5,32.95,-,0.25,32.5,1,32.95,1,193.82
2467,志聖,428703,309,13417930,31.55,31.55,31.15,31.2,-,0.4,31.2,1,31.3,14,8.41
2468,華經,61012,27,730191,11.9,12,11.9,12,+,0.1,11.95,10,12,7,18.18
2471,資通,73031,48,1249886,17.1,17.2,17.05,17.1,+,0.05,17.05,13,17.1,1,9.72
2472,立隆電,135350,91,4800545,36,36,35.3,35.4,-,0.5,35.35,21,35.45,1,8.05
2474,可成,4813426,2781,915495998,190,192,188,190.5,-,0.5,190,129,190.5,302,5.64
2476,鉅祥,38492,29,920881,24,24,23.9,23.95, ,0,23.9,5,23.95,4,11.09
2477,美隆電,17384,17,374167,21.75,21.75,21.45,21.55,-,0.05,21.4,3,21.6,5,19.59
2478,大毅,1497250,1024,64223094,44.3,44.4,42.45,42.55,-,1.5,42.55,14,42.6,5,5.63
2480,敦陽科,470638,360,24091714,51.8,51.8,50.8,51.6,-,0.5,51.5,2,51.6,6,13.1
2481,強茂,7247000,4120,181617350,24.9,25.7,24.5,24.5, ,0,24.5,129,24.55,2,11.24
2482,連宇,28006,19,295463,10.55,10.55,10.55,10.55, ,0,10.5,10,10.55,5,95.91
2483,百容,28049,18,571998,20.4,20.5,20.15,20.4,-,0.1,20.4,1,20.45,4,10.3
2484,希華,114077,90,2188580,19.2,19.25,19.15,19.2,-,0.1,19.2,7,19.25,2,12.15
2485,兆赫,318003,206,6347160,20.05,20.05,19.85,19.9,-,0.1,19.85,28,19.9,8,18.6
2486,一詮,50100,39,410034,8.2,8.22,8.15,8.2,-,0.02,8.18,1,8.21,3,0
2488,漢平,142000,107,5269900,37.45,37.45,36.9,37.15,-,0.3,37.15,30,37.2,5,8.35
2489,瑞軒,497397,220,5213423,10.55,10.55,10.45,10.45,-,0.1,10.45,192,10.5,47,61.47
2491,吉祥全,15675,11,89548,5.78,5.79,5.7,5.7,-,0.06,5.6,6,5.7,4,0
2492,華新科,16032280,11166,2389755940,154,154.5,146,146.5,-,8.5,146.5,229,147,68,3.43
2493,揚博,169576,116,5098030,30.1,30.15,30,30,-,0.1,30,5,30.05,2,9.68
2495,普安,413289,196,5629272,13.7,13.8,13.45,13.5,-,0.15,13.5,1,13.55,4,15
2496,卓越,4817,7,402701,83,84.2,83,84.2,+,0.2,82,2,85.8,1,12.86
2497,怡利電,126012,96,3197504,25.8,25.8,25.1,25.5,+,0.5,25.5,28,25.6,3,0
2498,宏達電,4693700,2247,164200003,35.15,35.25,34.8,34.95,+,0.1,34.95,38,35,59,0
2499,東貝,416638,246,3612834,8.76,8.76,8.62,8.65,-,0.11,8.65,3,8.66,3,86.5
2501,國建,1708909,921,47870590,28.35,28.4,27.6,27.6,-,0.95,27.6,44,27.65,26,9.82
2504,國產,4263058,1356,36534388,8.68,8.7,8.51,8.55,-,0.15,8.55,119,8.56,2,18.59
2505,國揚,196785,69,2473312,12.6,12.6,12.55,12.55, ,0,12.55,120,12.6,78,0
2506,太設,18066,15,206750,11.45,11.45,11.45,11.45, ,0,11.45,9,11.5,4,22.9
2509,全坤建,191330,69,5666767,29.7,29.85,29.55,29.6,-,0.25,29.55,20,29.6,3,3.91
2511,太子,2420060,483,28515000,11.8,11.85,11.7,11.8,+,0.05,11.75,100,11.8,136,14.57
2514,龍邦,66768,48,1080063,16.3,16.3,16.15,16.15,-,0.1,16.15,12,16.2,6,538.33
2515,中工,5621319,1189,46851452,8.33,8.39,8.27,8.32,-,0.01,8.31,5,8.32,45,52
2516,新建,67009,15,407834,6.08,6.09,6.08,6.09, ,0,6.08,36,6.09,2,24.36
2520,冠德,3985564,1904,115895906,29.15,29.3,28.85,29.15,-,0.2,29.1,33,29.15,4,21.28
2524,京城,131025,85,3559775,27.45,27.45,27,27.1,-,0.1,27.1,8,27.2,3,13.76
2527,宏璟,89006,49,1981882,22.3,22.4,22.15,22.2,-,0.2,22.15,22,22.2,4,11.33
2528,皇普,92623,19,1455799,15.75,15.75,15.7,15.75,+,0.05,15.7,10,15.8,6,0
2530,華建,53468,38,852888,16.15,16.15,15.85,16,-,0.1,15.85,2,16,5,400
2534,宏盛,568169,319,12028717,21,21.4,21,21.15,+,0.15,21.1,37,21.15,14,9.16
2535,達欣工,780058,399,16947318,21.7,21.8,21.65,21.65,-,0.15,21.65,58,21.75,10,10.72
2536,宏普,2132528,1039,46373667,21.7,22.3,21.3,21.4,-,0.1,21.4,8,21.45,70,27.79
2537,聯上發,1031532,276,7325748,7,7.18,7,7.15,+,0.17,7.11,12,7.15,56,0
2538,基泰,410772,201,4946214,12.05,12.1,12,12,-,0.05,12,54,12.05,12,92.31
2539,櫻花建,69168,36,2056503,29.8,29.9,29.6,29.9,+,0.1,29.7,1,29.9,8,33.22
2540,愛山林,3000,2,73800,24.6,24.6,24.6,24.6,-,0.25,24.6,7,24.9,1,32.37
2542,興富發,949051,580,46154780,48.6,48.9,48.5,48.5,-,0.2,48.5,39,48.55,13,7.3
2543,皇昌,7033,5,52042,7.4,7.4,7.4,7.4,+,0.03,7.18,2,7.4,17,0
2545,皇翔,271300,138,7981319,29.5,29.55,29.2,29.55, ,0,29.3,1,29.55,17,11.87
2546,根基,214340,147,7446513,34.95,34.95,34.6,34.6,-,0.35,34.6,14,34.7,2,8.18
2547,日勝生,576676,196,7734972,13.4,13.5,13.3,13.4, ,0,13.35,62,13.4,52,3.75
2548,華固,1358648,994,113437001,83.8,84.1,82.5,83.8, ,0,83.8,1,83.9,1,30.81
2597,潤弘,65000,12,3800700,58.9,58.9,58.2,58.5,+,0.1,58.4,1,58.5,2,12.47
2601,益航,14523432,3736,178349916,12.05,12.45,12.05,12.2,+,0.3,12.2,247,12.3,60,122
2603,長榮,4198705,1187,50152781,11.95,12,11.9,11.95,-,0.05,11.95,80,12,791,74.69
2605,新興,254366,107,3924686,15.4,15.5,15.4,15.4,-,0.05,15.4,22,15.45,5,0
2606,裕民,599188,243,18708572,31.2,31.35,31.05,31.1,-,0.1,31.1,21,31.2,78,16.99
2607,榮運,1560439,425,21964817,14.2,14.3,13.95,14.05,-,0.2,14,136,14.05,6,16.93
2608,嘉里大榮,95340,83,3414642,36,36,35.7,35.8,-,0.15,35.8,1,35.85,4,13.11
2609,陽明,1004370,351,8011236,8,8,7.96,7.97,-,0.03,7.97,1,7.98,1,0
2610,華航,7028598,1816,68589867,9.7,9.79,9.7,9.79,+,0.09,9.78,272,9.79,590,34.96
2611,志信,507858,133,3903195,7.64,7.74,7.64,7.71,+,0.09,7.7,4,7.72,26,29.65
2612,中航,424075,171,13442323,31.7,31.95,31.5,31.7, ,0,31.65,2,31.7,1,11.05
2613,中櫃,86519,54,1125397,13.05,13.05,12.95,12.95,-,0.15,12.95,3,13,11,46.25
2614,東森,382923,191,4714945,12.3,12.4,12.25,12.3, ,0,12.3,15,12.35,42,6.21
2615,萬海,1921098,654,34508152,18.25,18.25,17.8,17.95,-,0.25,17.95,230,18,63,19.73
2616,山隆,237134,52,7088074,29.85,30,29.8,29.95, ,0,29.9,2,29.95,3,17.11
2617,台航,857143,298,16690972,19.35,19.6,19.35,19.4, ,0,19.4,20,19.45,2,8.26
2618,長榮航,13006427,2477,200003891,15.3,15.45,15.25,15.45,+,0.15,15.4,67,15.45,1444,10.3
2630,亞航,35000,29,740600,21,21.3,21,21.05,+,0.05,21.05,24,21.2,1,35.68
2633,台灣高鐵,17210274,7368,796899367,46.5,46.7,45.6,46.65,+,0.5,46.6,14,46.65,138,24.81
2634,漢翔,3082107,1790,101428816,32.65,33.1,32.65,33.1,+,0.45,33.05,154,33.1,69,14.21
2636,台驊投控,78798,67,1988906,25.2,25.3,25.2,25.25,+,0.1,25.25,6,25.3,21,8.89
2637,慧洋-KY,550739,311,16429570,29.8,29.95,29.75,29.8,+,0.05,29.75,31,29.8,13,9.46
2642,宅配通,21300,17,481205,22.6,22.6,22.45,22.5,-,0.1,22.5,1,22.75,2,23.68
2701,萬企,63852,37,814259,12.8,12.8,12.75,12.75, ,0,12.75,10,12.8,21,14.33
2702,華園,59999,47,1101430,18.55,18.55,18.3,18.4,-,0.05,18.35,1,18.4,1,48.42
2704,國賓,282571,149,6242588,22,22.15,22,22.1,+,0.05,22.1,1,22.15,21,20.46
2705,六福,419592,168,2896778,6.95,6.95,6.88,6.89,-,0.04,6.89,55,6.9,2,0
2706,第一店,42300,32,608818,14.45,14.45,14.35,14.4,-,0.05,14.35,23,14.4,25,13.46
2707,晶華,923869,707,153495787,163,171,162,169,+,6,169,1,169.5,6,14.77
2712,遠雄來,0,0,0,--,--,--,--, ,0,42.45,2,43.95,1,0
2722,夏都,0,0,0,--,--,--,--, ,0,23.25,1,24,1,79.83
2723,美食-KY,638968,547,104720656,169,169,161,162,-,7.5,161.5,20,162,1,19.64
2727,王品,188764,183,16068242,85.6,85.7,84.8,85.2,+,0.7,85.1,11,85.3,4,17.01
2731,雄獅,112367,99,9457495,84.5,84.5,84,84.5,+,0.2,84.4,5,84.5,4,22.41
2739,寒舍,43050,38,1259254,29.45,29.7,29,29.3,-,0.15,29.1,2,29.25,2,30.52
2748,雲品,43000,42,2634900,61.3,61.7,61,61.1,+,0.2,61.1,1,61.3,4,18.08
2801,彰銀,23786286,4936,486970250,20.15,20.7,20.1,20.7,+,0.5,20.7,129,20.75,710,16.43
2809,京城銀,703981,392,23578861,33.55,33.7,33.3,33.45,-,0.2,33.45,102,33.5,10,11.19
2812,台中銀,18841390,3362,236647032,12.5,12.65,12.45,12.55,+,0.1,12.55,161,12.6,1092,10.64
2816,旺旺保,101684,54,2034626,20.1,20.1,19.95,20,-,0.1,19.95,12,20,5,6.15
2820,華票,641165,167,9498543,14.9,14.9,14.8,14.85, ,0,14.8,3,14.85,12,15.15
2823,中壽,5049629,1822,120827864,23.9,24,23.8,24,+,0.1,23.95,44,24,282,10.34
2832,台產,97775,48,1998897,20.45,20.5,20.4,20.45, ,0,20.45,24,20.5,112,12.86
2834,臺企銀,61658749,12844,843205280,13.7,13.95,13.5,13.55,-,0.1,13.55,249,13.6,1623,10.93
2836,高雄銀,258253,143,2504205,9.75,9.75,9.66,9.69,-,0.06,9.68,17,9.7,5,15.63
2838,聯邦銀,5670917,1429,65767387,11.7,11.7,11.5,11.5,-,0.25,11.5,372,11.55,134,11.16
2841,台開,3867625,1015,37322516,9.8,9.8,9.57,9.6,-,0.2,9.6,12,9.62,20,15.48
2845,遠東銀,4013432,799,48524778,12.05,12.15,12.05,12.1,+,0.05,12.05,879,12.1,210,10
2849,安泰銀,56542,36,863688,15.35,15.35,15.25,15.25,-,0.1,15.25,8,15.3,8,12.01
2850,新產,158123,115,6339581,40.3,40.3,40,40,-,0.1,40,23,40.05,1,9.13
2851,中再保,195053,94,3627385,18.7,18.7,18.55,18.65,+,0.05,18.6,35,18.65,2,11.17
2852,第一保,181019,53,2684679,14.9,14.9,14.8,14.9, ,0,14.85,5,14.9,41,6.18
2855,統一證,963285,233,12931417,13.45,13.5,13.4,13.45, ,0,13.4,62,13.45,11,9.15
2867,三商壽,1242526,452,13160899,10.55,10.7,10.5,10.6, ,0,10.6,257,10.65,7,42.4
2880,華南金,11044358,3650,234185031,21.1,21.3,21.05,21.3,+,0.2,21.25,541,21.3,666,15.78
2881,富邦金,7992506,2610,343926761,43.1,43.15,42.95,43.15,+,0.05,43.1,1,43.15,188,11.33
2882,國泰金,11864080,4242,483974929,41,41,40.65,40.75,-,0.35,40.7,585,40.75,90,13.81
2883,開發金,21067197,4847,198321965,9.34,9.45,9.34,9.45,+,0.12,9.45,62,9.46,314,16.88
2884,玉山金,25014585,5546,682980489,27.15,27.45,27.1,27.4,+,0.15,27.35,325,27.4,782,16.91
2885,元大金,23062401,3323,415534016,17.95,18.1,17.9,18.05,+,0.15,18.05,638,18.1,2225,11.42
2886,兆豐金,29475309,9790,926811230,30.9,31.7,30.85,31.7,+,0.8,31.65,26,31.7,666,15.39
2887,台新金,28504649,4385,406295060,14.2,14.3,14.15,14.25,+,0.05,14.25,11,14.3,6300,11.88
2888,新光金,42352081,6156,371112684,8.81,8.84,8.72,8.75,-,0.11,8.75,151,8.76,374,0
2889,國票金,3863699,601,40457128,10.55,10.55,10.4,10.5, ,0,10.45,339,10.5,282,14.38
2890,永豐金,17740555,2642,219609242,12.3,12.5,12.25,12.5,+,0.2,12.45,11,12.5,2717,13.3
2891,中信金,32297186,5643,678069535,20.95,21.05,20.9,21.05,+,0.1,21,897,21.05,382,11.96
2892,第一金,18355630,3877,415673323,22.5,22.7,22.5,22.7,+,0.2,22.65,171,22.7,2024,15.99
2897,王道銀行,813214,273,6766098,8.32,8.34,8.29,8.31,-,0.01,8.31,46,8.32,2,18.07
2901,欣欣,17241,8,413285,24,24,23.85,24, ,0,23.8,3,23.95,1,54.55
2903,遠百,2162931,719,38414573,17.6,17.9,17.6,17.75,+,0.15,17.75,43,17.8,6,18.11
2904,匯僑,46018,29,1073515,23.4,23.4,23.2,23.4, ,0,23.35,3,23.4,29,12.38
2905,三商,229112,99,4058531,17.7,17.75,17.7,17.75,+,0.05,17.75,10,17.8,36,18.88
2906,高林,203281,54,2209111,10.95,10.95,10.8,10.9,-,0.05,10.85,20,10.9,10,64.12
2908,特力,154673,107,3291367,21.25,21.35,21.15,21.35,+,0.05,21.35,1,21.4,25,39.54
2910,統領,1000,1,27000,27,27,27,27,X,0,25.85,1,27,1,44.26
2911,麗嬰房,62435,44,479672,7.68,7.7,7.63,7.69,+,0.02,7.66,5,7.69,9,0
2912,統一超,591668,474,178500236,303.5,304,300,301,-,2,301,16,301.5,2,29.6
2913,農林,2250436,762,37175147,16.5,16.7,16.4,16.5,+,0.2,16.45,41,16.5,25,0
2915,潤泰全,1284673,718,88087327,68.7,69,68.4,68.5,-,0.1,68.5,57,68.6,57,3.9
2923,鼎固-KY,10000,6,215900,21.65,21.8,21.5,21.8,+,0.05,21.75,1,21.8,1,3.82
2929,淘帝-KY,99909,99,8407856,84.9,84.9,83.9,84,-,0.7,84,97,84.2,1,7.16
2936,客思達-KY,19000,13,475650,25.1,25.15,24.85,25.15,-,0.25,24.65,3,25.15,2,20.79
2939,凱羿-KY,19000,18,1969500,104,104,103,103, ,0,103,8,104,10,10.02
3002,歐格,26000,9,260050,10,10.05,10,10, ,0,9.98,1,10,2,32.26
3003,健和興,131596,101,5285598,40.5,40.5,39.95,40.1,-,0.2,40,16,40.15,10,12.34
3004,豐達科,3899940,2215,349494660,91,91,87.8,89.2,+,6.4,89,8,89.2,4,14.72
3005,神基,1428600,829,61741430,43,43.4,42.65,43.3,+,0.4,43.3,160,43.35,7,12.06
3006,晶豪科,168106,132,5010167,29.8,29.95,29.7,29.75,-,0.2,29.7,37,29.8,2,12.82
3008,大立光,2759335,2630,9394145850,3255,3510,3255,3470,-,145,3465,2,3470,51,18.32
3010,華立,76000,57,4056500,53.2,53.6,53.2,53.3, ,0,53.3,6,53.4,1,8.19
3011,今皓,115000,40,806010,7.09,7.09,6.98,7,-,0.04,6.99,6,7,18,0
3013,晟銘電,86000,67,1288350,15,15.1,14.9,14.95,-,0.1,14.9,10,14.95,2,15.74
3014,聯陽,183548,123,6187317,33.8,33.8,33.65,33.7,-,0.1,33.65,43,33.7,4,11.78
3015,全漢,53186,44,1045675,19.65,19.7,19.6,19.65,-,0.15,19.65,1,19.8,9,93.57
3016,嘉晶,1123100,767,44227850,39.9,40.1,39.05,39.15,-,0.85,39.15,1,39.2,4,28.17
3017,奇鋐,6933740,3468,224697018,32.5,32.8,31.95,32.8,+,0.5,32.75,4,32.8,97,15.54
3018,同開,29334,36,820030,27.9,28.15,27.55,28.15,+,0.05,28.15,22,28.2,5,0
3019,亞光,2899222,2083,204800782,72.2,72.2,69.8,70,-,2.3,70,6,70.1,15,17.86
3021,鴻名,31000,23,453100,14.6,14.85,14.55,14.75,+,0.15,14.65,8,14.75,20,11.17
3022,威強電,56332,42,1836239,32.75,32.75,32.5,32.55,-,0.2,32.55,1,32.6,1,9.89
3023,信邦,812568,569,88715912,110,110.5,108,108.5,-,2,108.5,40,109,5,16.36
3024,憶聲,82001,34,558286,6.73,6.85,6.73,6.82,+,0.01,6.82,296,6.84,8,11.96
3025,星通,64005,46,1287799,20.4,20.4,20,20.05,-,0.2,20,4,20.1,2,286.43
3026,禾伸堂,1017339,845,94943132,94.6,94.8,92.6,93.1,-,1.2,93.1,6,93.2,10,5.73
3027,盛達,245110,72,2016376,8.24,8.25,8.2,8.22,-,0.02,8.22,1,8.23,1,4.3
3028,增你強,172300,119,3860270,22.55,22.55,22.35,22.4, ,0,22.4,5,22.45,9,12.38
3029,零壹,571181,321,15560570,27.3,27.4,27.15,27.4,+,0.15,27.35,23,27.4,11,12.18
3030,德律,715800,394,37066380,52,52,51.5,51.7,-,0.1,51.6,11,51.8,1,11.21
3031,佰鴻,176079,57,2059366,11.6,11.8,11.6,11.65,+,0.1,11.65,22,11.7,5,20.44
3032,偉訓,145000,73,3915100,27,27.15,26.9,26.95,-,0.05,26.9,6,27,9,5.87
3033,威健,480545,249,9474287,19.8,19.85,19.65,19.65,-,0.15,19.65,113,19.7,4,13.28
3034,聯詠,18097822,10851,2760846018,163.5,164,149.5,149.5,-,16.5,--,0,149.5,70,12.22
3035,智原,758932,568,33484180,44.3,44.5,43.8,43.9,-,0.1,43.85,38,43.9,11,37.52
3036,文曄,575137,429,22042896,38.35,38.4,38.25,38.3,-,0.05,38.3,18,38.35,41,8.27
3037,欣興,26274427,10246,751142045,28.5,28.95,28.25,28.65,-,0.05,28.6,76,28.65,194,21.7
3038,全台,800120,309,12194012,15.25,15.45,15.1,15.15,-,0.1,15.15,5,15.25,4,12.52
3040,遠見,26101,24,810581,31.15,31.3,31,31,-,0.15,31,4,31.5,2,20.67
3041,揚智,863925,399,8074047,9.29,9.48,9.25,9.33,+,0.09,9.33,10,9.38,7,0
3042,晶技,400157,295,13356708,33.55,33.55,33.2,33.4,-,0.2,33.35,4,33.4,1,16.21
3043,科風,40484,18,96969,2.35,2.4,2.35,2.4, ,0,2.37,6,2.4,130,120
3044,健鼎,1604561,1103,156087241,99.5,99.5,96.3,96.5,-,2.3,96.5,80,96.7,3,9.77
3045,台灣大,2009555,774,237825758,118.5,118.5,118,118.5, ,0,118,821,118.5,1512,24.48
3046,建碁,35008,33,778379,22.3,22.7,22,22.55,+,0.05,22.05,1,22.45,1,62.64
3047,訊舟,572447,243,6017348,10.65,10.65,10.4,10.4,-,0.25,10.4,25,10.5,5,13.33
3048,益登,62368,38,829580,13.35,13.35,13.25,13.3, ,0,13.3,4,13.35,10,13.85
3049,和鑫,30104865,6620,424049410,14.25,14.35,13.9,14,-,0.2,14,30,14.05,108,20
3050,鈺德,485002,135,5190370,10.65,10.75,10.65,10.7,+,0.05,10.7,31,10.75,80,15.51
3051,力特,133018,56,405888,3.03,3.15,3,3.05,-,0.05,3.03,10,3.05,3,0
3052,夆典,109686,25,888225,8.11,8.13,8.08,8.1, ,0,8.09,11,8.13,10,0
3054,立萬利,4000,4,100000,25,25,25,25, ,0,24.9,1,25,2,0
3055,蔚華科,28002,12,727950,26,26,25.95,26, ,0,25.95,3,26,16,27.37
3056,總太,1708945,593,35636099,21.1,21.2,20.65,20.95,-,0.1,20.95,22,21,43,123.24
3057,喬鼎,2688605,1007,21024275,7.65,7.98,7.56,7.98,+,0.72,7.98,238,--,0,0
3058,立德,225000,53,1778500,8.02,8.02,7.74,7.9,-,0.04,7.9,1,7.91,10,0
3059,華晶科,1080100,593,27033628,24.9,25.25,24.7,24.95, ,0,24.95,15,25,12,37.24
3060,銘異,90850,67,1217606,13.5,13.5,13.35,13.35,-,0.15,13.3,9,13.35,1,0
3062,建漢,439050,208,6503494,14.85,14.95,14.7,14.7,-,0.15,14.65,19,14.7,21,27.22
3090,日電貿,604801,459,31751665,53.1,53.1,52.3,52.4,-,0.7,52.4,14,52.5,11,6.9
3094,聯傑,50000,24,875150,17.5,17.6,17.45,17.6,+,0.05,17.55,2,17.65,1,33.85
3130,一零四,1147,9,192119,167.5,167.5,167.5,167.5,+,0.5,167.5,1,169.5,1,20.04
3149,正達,585743,268,6506108,11,11.3,10.95,11.15,+,0.05,11.1,72,11.2,3,0
3164,景岳,48000,25,1245550,26.1,26.1,25.85,25.95,-,0.25,25.85,6,26,37,11.85
3167,大量,174400,102,7139480,41.05,41.1,40.8,40.8,-,0.1,40.8,9,40.9,15,8.57
3189,景碩,1316825,911,52819980,40.25,40.5,39.8,39.85,-,0.2,39.85,31,39.9,9,0
3209,全科,136417,85,2582427,19,19.05,18.85,18.9,-,0.1,18.85,9,18.9,3,13.7
3229,晟鈦,88001,71,1155263,13.6,13.75,12.75,13.1,-,0.35,13.05,1,13.2,1,0
3231,緯創,8020228,3109,183539398,22.85,23,22.6,22.85,-,0.1,22.85,69,22.9,23,12.91
3257,虹冠電,405130,245,23936186,60.7,60.7,58.1,58.7,-,2.3,58.7,1,58.9,4,51.95
3266,昇陽,522000,46,5814500,11.2,11.2,11.1,11.1,-,0.2,11.1,2,11.15,7,79.29
3296,勝德,159070,85,2705354,17.6,17.6,16.65,17.3,-,0.1,17.2,2,17.3,2,11.85
3305,昇貿,42001,30,847170,20.15,20.35,20.1,20.35,-,0.05,20.1,1,20.35,5,23.12
3308,聯德,3169,6,18418,5.81,5.81,5.81,5.81,X,0,5.81,1,5.96,3,0
3311,閎暉,250092,135,3484219,14,14.05,13.85,13.9,-,0.15,13.9,8,13.95,22,0
3312,弘憶股,1130862,381,13969158,12.55,12.55,12.2,12.25,-,0.25,12.25,9,12.3,9,10.65
3321,同泰,594743,211,8294238,14.05,14.1,13.8,14.05,-,0.05,14.05,14,14.1,18,0
3338,泰碩,8337430,5345,405202777,47.4,49.9,47.15,49.9,+,1.75,49.85,2,49.9,4,19.12
3346,麗清,232000,105,7853600,34.05,34.1,33.75,33.75,-,0.45,33.7,23,33.95,4,14.36
3356,奇偶,1380010,920,46594485,34.45,34.45,33.25,33.85,-,0.9,33.75,3,33.85,11,21.16
3376,新日興,1104502,780,118180465,105.5,108.5,104.5,106.5,+,0.5,106.5,58,107.5,55,14.73
3380,明泰,755719,325,14329366,19.1,19.15,18.9,18.9,-,0.2,18.9,234,18.95,1,0
3383,新世紀,61169,12,64825,1.06,1.07,1.04,1.04, ,0,1.04,7,1.06,22,0
3406,玉晶光,14259323,10820,4335207905,303,312.5,298,312.5,+,2.5,312,13,312.5,21,42.34
3413,京鼎,851342,616,99265330,117,118.5,115,115,-,2,115,25,116,2,9.43
3416,融程電,31000,29,1678000,54.3,54.3,53.9,54.2,-,0.1,53.9,2,54.2,4,17.83
3419,譁裕,476339,249,6874194,14.5,14.6,14.25,14.4,-,0.15,14.35,1,14.4,1,30
3432,台端,79000,25,1131100,14.35,14.4,14.25,14.35,-,0.05,14.25,21,14.3,1,3.13
3437,榮創,344359,176,4763876,14.1,14.1,13.75,13.8,-,0.2,13.8,15,13.85,22,0
3443,創意,3356928,2709,688374203,208,211,201.5,204.5,-,5,204,4,204.5,17,29.34
3450,聯鈞,1799600,1388,98260696,55.3,55.5,54,54.3,-,1.9,54.2,59,54.4,6,15.69
3454,晶睿,1159874,808,145978624,125.5,128,124,126,+,0.5,125.5,8,126,15,29.37
3481,群創,61487189,9945,441858837,7.25,7.26,7.15,7.15,-,0.09,7.15,2579,7.16,203,0
3494,誠研,67000,27,278740,4.19,4.19,4.15,4.15,-,0.02,4.15,13,4.18,3,0
3501,維熹,147300,94,7700050,52.6,52.6,52.1,52.2,-,0.4,52.1,5,52.2,2,8.38
3504,揚明光,2450390,1805,218519700,89.5,90.5,88.1,90,+,0.4,89.8,1,90,8,56.96
3515,華擎,35003,30,2079189,59.5,59.8,59.3,59.3,-,0.4,59.4,1,59.5,4,14.25
3518,柏騰,20000,12,333100,16.65,16.75,16.65,16.65,-,0.2,16.65,4,16.8,1,0
3528,安馳,114510,90,4609649,40.3,40.3,40.25,40.25, ,0,40.25,25,40.3,68,14.69
3530,晶相光,29000,27,2075000,71.5,71.8,71.2,71.8,+,0.3,71.8,2,72,1,42.99
3532,台勝科,762328,680,76419928,102.5,102.5,99.5,99.9,-,2.1,99.8,1,99.9,9,7.05
3533,嘉澤,3930260,3115,776812960,207.5,208,193,195,-,15,195,2,195.5,1,12.07
3535,晶彩科,5003099,2742,162628805,32.5,33,32.1,33,+,0.5,32.95,18,33,44,11.74
3536,誠創,17601,12,119665,6.81,6.83,6.77,6.83,+,0.02,6.81,3,6.83,3,0
3545,敦泰,877600,599,19069799,21.9,22.1,21.55,21.6,-,0.3,21.6,24,21.65,22,0
3550,聯穎,56000,38,845400,15.1,15.15,15.05,15.05,-,0.05,15.05,15,15.1,6,13.56
3557,嘉威,249117,117,6142565,24.5,25,24.45,24.6,+,0.1,24.55,2,24.65,15,164
3563,牧德,393254,380,147475504,377,378.5,372,374.5,+,0.5,374.5,1,375,1,11.76
3576,聯合再生,8561418,2452,83411486,9.72,9.84,9.65,9.67,+,0.22,9.67,42,9.69,10,0
3579,尚志,525970,81,514921,0.91,0.99,0.91,0.99,+,0.09,0.99,41,--,0,0
3583,辛耘,126050,85,7583925,60.2,60.6,59.6,59.8,-,0.4,59.8,7,59.9,3,9.68
3588,通嘉,24000,21,537300,22.5,22.6,22.15,22.2,-,0.45,22.15,3,22.3,1,30.83
3591,艾笛森,18282,15,271923,14.9,14.9,14.85,14.85,-,0.1,14.85,10,14.9,1,42.43
3593,力銘,44236,16,339199,7.66,7.82,7.62,7.82, ,0,7.64,1,7.85,12,0
3596,智易,932019,735,80015023,86.1,86.6,85.2,85.6,-,0.6,85.6,58,85.8,1,16.27
3605,宏致,68700,45,1471679,21.5,21.55,21.35,21.4,-,0.1,21.4,3,21.45,1,7.84
3607,谷崧,446514,249,8247956,18.1,18.8,18.1,18.4,-,0.4,18.35,8,18.5,4,0
3617,碩天,81000,71,7287900,90.5,90.9,89.6,89.7,-,1.3,89.7,1,89.9,1,12.29
3622,洋華,74050,38,1220417,16.5,16.65,16.4,16.4,-,0.1,16.4,12,16.55,1,17.83
3645,達邁,616800,456,28759187,47.35,47.35,46.3,46.3,-,0.85,46.3,36,46.45,5,17.74
3653,健策,1918221,1367,213552919,112,113.5,110,110,-,3.5,110,83,110.5,2,21.4
3661,世芯-KY,1300004,993,107898244,83.4,84.3,82.1,82.4,-,1,82.4,17,82.5,4,20.3
3665,貿聯-KY,935259,747,179766210,194.5,196.5,189,190,-,4.5,190,6,190.5,3,15.03
3669,圓展,26000,26,433900,16.7,16.75,16.65,16.65,-,0.1,16.5,4,16.6,1,208.12
3673,TPK-KY,2775742,1598,133871571,49.05,49.2,47.75,48,-,1,48,97,48.05,3,109.09
3679,新至陞,32000,20,1524400,47.9,47.9,47.5,47.55,-,0.35,47.5,1,47.55,6,9.4
3682,亞太電,3708811,1033,26786969,7.23,7.31,7.16,7.16, ,0,7.16,106,7.17,15,0
3686,達能,482101,51,702387,1.46,1.48,1.43,1.45,-,0.03,1.44,2,1.45,26,0
3694,海華,100024,84,2001632,20.7,20.7,19.85,20.2,-,0.2,19.9,14,20.25,3,0
3698,隆達,757130,420,10614263,14.15,14.2,13.9,13.9,-,0.2,13.9,41,13.95,1,35.64
3701,大眾控,24990,35,353997,14.1,14.2,14.1,14.2, ,0,14.15,5,14.2,1,8.3
3702,大聯大,1669280,810,65186274,38.9,39.2,38.9,39.05,+,0.1,39,31,39.05,124,9.52
3703,欣陸,1498297,410,25442715,17.1,17.1,16.9,16.95,-,0.1,16.95,7,17,99,6.49
3704,合勤控,5676932,2737,127738249,22.35,22.75,22.15,22.75,+,0.45,22.7,32,22.75,4,0
3705,永信,88015,63,3718981,42.2,42.35,42.2,42.2,-,0.05,42.2,7,42.25,1,16.05
3706,神達,918101,554,26858844,29.25,29.35,29.2,29.25,+,0.05,29.25,6,29.3,9,11.29
3708,上緯投控,2961131,2196,295350140,100,102,98.3,98.5,-,1.5,98.5,3,98.7,2,8.08
3711,日月光投控,5427682,2715,320478691,59.7,59.7,58.6,58.7,-,1.3,58.6,290,58.7,8,9.88
3712,永崴投控,303323,191,6309465,20.95,21,20.65,20.7,-,0.25,20.65,32,20.7,1,0
4104,佳醫,114591,106,5811720,50.7,50.9,50.5,50.7,-,0.2,50.5,26,50.7,13,13.63
4106,雃博,75300,52,1911659,25.6,25.65,25.2,25.3,-,0.3,25.2,8,25.3,2,20.91
4108,懷特,125949,89,2334005,18.5,18.7,18.4,18.6,+,0.1,18.5,2,18.6,1,0
4119,旭富,893634,573,79716860,89.2,89.7,89,89.2,-,0.5,89.2,8,89.3,1,12.89
4133,亞諾法,15012,12,414534,27.75,27.75,27.5,27.6,-,0.1,27.6,1,27.65,5,46.78
4137,麗豐-KY,393693,374,101838575,258,260.5,255.5,258.5,+,3,258.5,5,259,1,15.98
4141,龍燈-KY,26060,23,446882,17.15,17.3,17.1,17.1,-,0.15,17.1,9,17.2,4,285
4142,國光生,1140810,514,22270670,19.45,19.65,19.45,19.6,+,0.1,19.6,22,19.65,38,0
4144,康聯-KY,270760,164,7686984,28.55,28.9,28.15,28.15,-,0.35,28.15,37,28.2,4,19.15
4148,全宇生技-KY,64005,35,3563979,55.5,56,55.3,55.8,+,0.5,55.7,3,56,3,15.16
4155,訊映,82000,59,2299550,28.05,28.15,27.95,28.15,+,0.05,28.1,1,28.15,1,14
4164,承業醫,556073,358,21890976,39.85,40,39.05,39.05,-,1.05,39.05,10,39.3,1,14.85
4190,佐登-KY,1562320,1319,169683680,107,109.5,107,109.5,+,1,109,10,109.5,25,13.79
4306,炎洲,702540,241,9435976,13.45,13.55,13.35,13.35,-,0.1,13.3,66,13.35,1,32.56
4414,如興,1710156,708,24262957,14.25,14.3,14.05,14.15,-,0.1,14.15,11,14.2,6,0
4426,利勤,2196196,1485,139371120,63,64.4,62.6,64.2,+,2,64.1,3,64.2,28,29.18
4438,廣越,380365,231,55564885,148,148,144,148, ,0,147,10,148,3,18.18
4526,東台,40858,37,757413,18.6,18.6,18.5,18.55, ,0,18.5,5,18.55,2,13.25
4532,瑞智,156002,109,3949202,25.55,25.55,25.2,25.25,-,0.2,25.25,3,25.35,2,11.74
4536,拓凱,121070,104,17633684,143.5,146.5,143.5,146.5,+,3,145.5,1,146.5,4,13.25
4540,全球傳動,171100,128,10493889,61.7,61.8,61,61.6,+,0.1,61.6,3,61.7,1,11.43
4545,銘鈺,4000,4,95200,23.8,24,23.6,23.6,-,0.25,23.6,3,23.85,1,0
4551,智伸科,70001,67,7339611,105.5,106,104,104,-,1.5,104,13,105,4,16.17
4552,力達-KY,133500,97,6658650,50.5,50.5,49.55,49.65,-,0.75,49.65,5,49.7,1,7.64
4555,氣立,4000,4,230900,58.6,58.6,56.9,58.4,+,1.2,56.8,1,58.4,1,31.91
4557,永新-KY,7101,8,524413,73,74,73,74,+,1.2,73.2,3,74,1,13.01
4560,強信-KY,225000,142,12032100,54.1,54.1,52.8,54,-,0.1,53,1,54,8,9.39
4562,穎漢,26000,22,873700,33.65,33.85,33.45,33.8,-,0.2,33.6,1,33.8,5,15.16
4564,元翎,2226518,1423,110953446,51.6,51.6,48.9,49.5,-,2.2,49.45,2,49.5,8,17.43
4566,時碩工業,74103,62,3070018,41.6,41.75,41.2,41.2,-,0.5,41.15,3,41.2,1,13.04
4720,德淵,18287,9,246681,13.5,13.5,13.45,13.45,-,0.1,13.45,8,13.5,10,29.89
4722,國精化,115032,61,3380994,29.55,29.55,29.2,29.5, ,0,29.4,17,29.5,1,11.85
4725,信昌化,285000,156,5728600,20.4,20.4,19.95,19.95,-,0.2,19.95,10,20,1,57
4737,華廣,10000,7,500700,50,50.2,50,50.2,-,0.1,50.2,9,50.5,2,23.79
4739,康普,220110,175,15706409,71.1,72.1,70.8,71.4,+,0.4,71,3,71.5,6,24.88
4746,台耀,92000,65,3427500,37.15,37.6,37.15,37.25,-,0.2,37.2,3,37.25,9,98.03
4755,三福化,8000,8,367150,45.8,46.1,45.8,45.8,-,0.1,45.8,1,46.1,3,11.17
4763,材料-KY,712000,573,115554500,161,166,159,161,+,1,161,4,161.5,2,34.04
4764,雙鍵,61200,38,4747500,77.5,77.8,77.2,77.8,-,0.1,77.2,2,77.9,4,10.04
4766,南寶,996513,788,164208106,163,168,160.5,162,+,1.5,162,7,162.5,5,27.09
4807,日成-KY,67000,48,2239950,34,34.3,33.2,33.3,-,1.15,33.3,1,33.4,1,10.88
4904,遠傳,1709431,657,133994386,78.1,78.5,78,78.5,+,0.1,78.1,42,78.5,161,27.94
4906,正文,924300,390,21337550,23,23.3,22.9,23.05,-,0.05,23,10,23.05,15,461
4912,聯德控股-KY,119000,85,15464500,131,132,127,130,+,1,128.5,2,130,4,14.33
4915,致伸,4060105,2726,199277006,49.95,49.95,48.6,48.65,-,0.85,48.65,23,48.7,4,11.89
4916,事欣科,142268,99,4929657,34.7,34.8,34.5,34.55,-,0.3,34.55,27,34.6,2,11.15
4919,新唐,679260,519,29381790,44.1,44.5,42.8,42.85,-,1.25,42.85,2,42.9,1,13.87
4927,泰鼎-KY,15027573,8579,783620530,52,52.9,51.1,52.7,+,1,52.6,48,52.7,138,9.89
4930,燦星網,354116,56,3799947,10.9,10.9,10.7,10.8,-,0.1,10.8,3,10.85,1,0
4934,太極,1058420,226,4710168,4.47,4.5,4.4,4.5,+,0.03,4.49,100,4.5,108,0
4935,茂林-KY,58000,33,2205600,38,38.3,37.95,38, ,0,38,2,38.05,6,22.75
4938,和碩,5488228,2766,275793504,50.8,50.8,50,50,-,1,50,77,50.1,9,12.59
4942,嘉彰,613600,425,22501918,37.15,37.15,36.4,36.4,-,0.75,36.4,9,36.45,1,6.77
4943,康控-KY,6658016,4724,830227970,133,133,121.5,122.5,-,10.5,122.5,20,123,14,18.2
4952,凌通,55000,42,1921050,35.2,35.2,34.75,34.85,-,0.45,34.8,3,34.95,2,14.22
4956,光鋐,296000,119,4091550,14,14,13.75,13.8,-,0.2,13.8,2,13.85,5,0
4958,臻鼎-KY,4529350,2949,425983817,94.1,95.8,93.2,93.2,-,2.6,93.2,21,93.3,2,8.88
4960,誠美材,3922540,1101,39142882,9.69,10.15,9.69,10.05,+,0.36,10.05,8,10.1,109,0
4961,天鈺,843000,543,31979050,38.15,38.5,37.45,37.65,-,0.5,37.65,1,37.7,8,17.68
4967,十銓,72500,42,1910624,26.25,26.4,26.25,26.4,+,0.15,26.3,37,26.4,5,10.35
4968,立積,4928895,3304,347322821,71.9,72.3,68.8,70.6,-,1.9,70.5,1,70.7,90,32.84
4976,佳凌,512000,307,15594750,30.8,31,30.25,30.35,-,0.45,30.35,4,30.4,5,126.46
4977,眾達-KY,1652593,1371,148406438,89.5,90.9,88.6,89.1,+,2.5,89.1,10,89.3,1,24.08
4989,榮科,29000,22,694300,24,24.05,23.85,23.95,-,0.05,24,2,24.05,3,17.48
4994,傳奇,102000,85,7560100,74,75.5,73.3,73.6,-,0.1,73.6,1,73.7,5,0
4999,鑫禾,70000,55,3077100,44.2,44.2,43.75,43.8,-,0.4,43.8,5,44,1,7.18
5007,三星,110053,73,5951152,54.2,54.2,53.9,53.9,-,0.2,53.9,6,54.1,3,14.85
5203,訊連,137200,81,9858100,71.7,71.9,71.7,71.9,+,0.2,71.9,1,72,1,17.24
5215,科嘉-KY,40000,24,1266300,31.8,31.8,31.6,31.7,-,0.05,31.6,2,31.7,2,7.91
5225,東科-KY,72000,33,2368150,33.4,33.4,32.65,32.9,-,0.4,32.9,11,33,6,5.75
5234,達興材料,714316,653,61825918,88,88.6,85.5,86.8,-,0.7,86.7,1,86.8,2,13.23
5243,乙盛-KY,105000,89,3570150,34.2,34.2,33.8,34.05,-,0.15,34.05,4,34.1,5,13.95
5258,虹堡,1917000,1090,39918100,20.95,21.35,20.35,20.6,-,0.55,20.55,3,20.6,10,0
5264,鎧勝-KY,858749,611,37061418,43.3,43.65,42.6,43.2,-,0.45,43.15,1,43.2,2,0
5269,祥碩,1008084,958,502947500,515,518,486.5,487.5,-,25.5,487.5,1,488,1,27.08
5283,禾聯碩,507320,402,49073320,98.2,98.5,95.8,95.8,-,2.4,95.8,30,96,12,6.76
5284,jpp-KY,7000,5,382100,54.7,54.7,54.2,54.6,-,0.1,53.5,1,54.6,1,14.64
5285,界霖,61000,49,3752900,62,62.1,61.1,61.4,-,0.7,61.4,5,62,2,15.12
5288,豐祥-KY,1256801,966,158191525,130,130,124,126,-,6,125.5,44,126,12,13.59
5305,敦南,801040,519,23524821,29.6,29.7,29.2,29.2,-,0.5,29.2,47,29.3,2,9.83
5388,中磊,693978,577,45719051,65.5,66.2,65.3,65.8,+,0.2,65.8,4,65.9,4,19.35
5434,崇越,268980,222,21819162,81.6,81.6,80.8,80.9,-,0.9,80.8,23,81,10,9.63
5469,瀚宇博,3755894,1788,109436276,29.5,29.65,28.9,29,-,0.45,28.95,107,29,9,7.27
5471,松翰,52290,44,1610236,30.85,30.95,30.7,30.7,-,0.15,30.7,1,30.8,13,14.55
5484,慧友,89336,21,386611,4.36,4.37,4.2,4.36,+,0.02,4.32,13,4.36,10,0
5515,建國,58010,31,608802,10.5,10.55,10.45,10.5, ,0,10.5,80,10.55,24,15.91
5519,隆大,1213305,430,19464355,16,16.15,15.95,16.1,+,0.1,16.05,8,16.1,15,5.81
5521,工信,1073412,179,7984625,7.45,7.48,7.41,7.41,-,0.02,7.41,17,7.42,15,0
5522,遠雄,1093734,531,43341513,39.3,39.9,39.3,39.8,+,0.5,39.75,1,39.8,8,14.37
5525,順天,354300,194,9554830,27.35,27.35,26.75,26.95,-,0.3,26.95,5,27,21,5.59
5531,鄉林,254602,111,2533380,9.98,10,9.91,10,+,0.01,9.98,5,10.05,16,0
5533,皇鼎,1051057,21,16714056,15.9,16,15.9,16,-,0.1,16,11,16.05,1,25.81
5534,長虹,736922,541,65986916,89.6,90.2,88.9,89.5, ,0,89.5,84,89.6,5,10.77
5538,東明-KY,1000,1,35500,35.5,35.5,35.5,35.5,+,0.1,35.2,1,36,1,12.63
5607,遠雄港,1189414,495,24822718,21,21.15,20.7,20.7,-,0.4,20.7,5,20.75,3,15.8
5608,四維航,138433,75,1171982,8.45,8.52,8.4,8.45, ,0,8.45,1,8.46,3,0
5706,鳳凰,39405,26,1470187,37.5,37.5,37.25,37.3,-,0.05,37.3,2,37.35,3,12.77
5871,中租-KY,2627933,1441,304750189,117,118,115,115.5,-,2,115.5,76,116,49,10.7
5876,上海商銀,4287700,1580,247768411,57.4,58,57.3,57.9,+,0.5,57.8,2,57.9,76,16.5
5880,合庫金,16289437,3595,336122347,20.55,20.7,20.5,20.7,+,0.15,20.65,304,20.7,309,16.43
5906,台南-KY,4000,4,53650,13.45,13.45,13.4,13.4, ,0,13.4,1,13.6,1,23.93
5907,大洋-KY,879000,526,29996700,33.9,34.5,33.8,33.8,-,0.1,33.8,14,33.95,9,11.94
6005,群益證,1724500,560,16041883,9.3,9.32,9.29,9.31,+,0.02,9.3,122,9.31,14,17.9
6024,群益期,312466,206,14965834,47.9,48,47.8,47.8, ,0,47.8,2,47.85,7,14.4
6108,競國,187001,111,5428279,29.05,29.15,28.95,29,-,0.05,29,3,29.1,3,7.55
6112,聚碩,68250,53,2467859,36.15,36.3,36.05,36.1,-,0.05,36.05,17,36.1,7,12.99
6115,鎰勝,21015,17,906649,43.3,43.3,43.1,43.15,-,0.15,43.15,1,43.2,3,13.7
6116,彩晶,7097797,2039,49056744,6.92,6.99,6.86,6.88,-,0.03,6.88,240,6.89,63,62.55
6117,迎廣,5310,6,67787,12.85,12.85,12.7,12.7,-,0.05,12.65,3,12.75,1,0
6120,達運,1530802,567,29075357,19.05,19.2,18.9,19.05,-,0.05,19,7,19.05,34,635
6128,上福,39010,31,1378602,35.3,35.55,35.2,35.25,-,0.05,35.2,2,35.45,3,41.96
6131,悠克,353969,31,800193,2.1,2.27,2.1,2.26,+,0.19,2.26,44,2.27,23,0
6133,金橋,36000,15,302600,8.47,8.47,8.35,8.46,+,0.09,8.4,10,8.46,4,29.17
6136,富爾特,23200,23,480449,20.7,20.85,20.65,20.65,-,0.1,20.65,6,20.75,7,29.08
6139,亞翔,152000,90,4205950,27.9,27.9,27.6,27.6,-,0.25,27.55,5,27.6,2,12.84
6141,柏承,275000,134,5170150,19.15,19.15,18.65,18.75,-,0.3,18.75,51,18.8,21,0
6142,友勁,123214,40,888190,7.24,7.25,7.16,7.25,-,0.05,7.18,5,7.25,6,0
6152,百一,193360,54,915471,4.66,4.8,4.66,4.8,+,0.04,4.76,159,4.8,45,0
6153,嘉聯益,3288000,1583,93220550,28.6,28.9,28.1,28.1,-,0.4,28.1,67,28.15,2,13.98
6155,鈞寶,166093,107,3445889,20.65,20.95,20.6,20.75,+,0.1,20.65,9,20.75,1,11.28
6164,華興,191003,87,1480173,7.83,7.83,7.71,7.76,-,0.07,7.75,3,7.76,1,45.65
6165,捷泰,33003,17,261264,8.1,8.1,7.85,8.03,-,0.02,8.03,1,8.05,3,0
6166,凌華,312000,95,12192950,40.2,40.2,38.9,38.9,-,0.9,38.9,1,39,17,25.42
6168,宏齊,226792,117,3215845,14.25,14.3,14.1,14.1,-,0.1,14.1,70,14.15,5,11.95
6172,互億,315760,175,5216555,15.7,16.85,15.55,16.85,+,1.5,16.85,100,--,0,35.1
6176,瑞儀,2634355,1935,257883708,98.5,99.4,97.2,97.2,-,2.2,97.2,32,97.3,2,7.15
6177,達麗,151314,104,4618558,30.8,30.8,30.45,30.5,-,0.25,30.45,17,30.5,3,11.17
6183,關貿,97223,53,3301348,34.1,34.1,33.9,34.05,-,0.05,33.95,7,34.05,1,19.68
6184,大豐電,19300,18,721790,37.4,37.4,37.4,37.4, ,0,37.3,3,37.5,7,14.55
6189,豐藝,150898,130,4981474,33.1,33.1,32.95,32.95,-,0.15,32.95,28,33,8,10.66
6191,精成科,933200,408,12783090,13.8,13.85,13.6,13.65,-,0.2,13.6,65,13.65,2,10.75
6192,巨路,95902,74,7037746,74.4,74.4,72.9,73.4,-,0.6,73.4,1,73.5,6,9.37
6196,帆宣,254040,196,12426964,49.55,49.55,48.5,48.5,-,1.05,48.5,10,49,8,12.28
6197,佳必琪,74750,65,2224811,29.9,29.9,29.55,29.6,-,0.15,29.6,10,29.75,10,11.79
6201,亞弘電,22100,21,775870,35.05,35.2,35.05,35.2,+,0.1,35.1,3,35.25,1,10.83
6202,盛群,800463,502,53132489,66.7,66.7,66.1,66.3,-,0.2,66.3,14,66.4,1,14.41
6205,詮欣,12024,11,320893,26.9,26.9,26.6,26.6,-,0.2,26.65,1,26.8,1,12.04
6206,飛捷,56380,59,4547589,80.4,80.9,80.4,80.8,+,0.4,80.7,11,80.8,1,13.84
6209,今國光,426030,285,12268762,29.15,29.15,28.6,28.9,-,0.35,28.75,2,28.9,8,0
6213,聯茂,4783335,3359,417851375,87.7,89.7,85.6,86,-,2.3,85.9,23,86,39,13.56
6214,精誠,598849,396,43929528,73.6,73.9,73.1,73.1,-,0.3,73.1,49,73.2,7,16.32
6215,和椿,128030,86,2047984,16.2,16.2,15.7,16.1,-,0.05,15.85,9,16.1,6,26.83
6216,居易,54003,35,1536834,28.5,28.55,28.4,28.4, ,0,28.4,2,28.45,5,13.79
6224,聚鼎,55700,46,3085019,55.6,55.6,55.3,55.6, ,0,55.5,6,55.6,4,14.26
6225,天瀚,32140,13,86963,2.6,3.08,2.6,3.08,+,0.24,2.84,20,3.08,2,0
6226,光鼎,117000,32,921780,7.85,7.93,7.8,7.82,-,0.12,7.82,1,7.87,6,0
6230,超眾,984600,739,155337900,157.5,159.5,156,158.5,+,1,158,14,158.5,11,19.45
6235,華孚,264000,117,3107650,11.95,11.95,11.6,11.7,-,0.2,11.7,7,11.8,12,10.45
6239,力成,1933475,1277,144202180,75,75.4,73.7,74.1,-,0.6,74,16,74.1,49,9.6
6243,迅杰,49570,22,458393,9.25,9.28,9.15,9.25,+,0.08,9.25,13,9.27,4,0
6251,定穎,148325,69,1334044,9.01,9.01,8.96,9, ,0,8.99,3,9,2,0
6257,矽格,550050,286,15707630,28.55,28.65,28.45,28.5,-,0.05,28.5,48,28.6,10,9.69
6269,台郡,2520158,1721,195602624,78,78.7,77.1,77.3,-,1.7,77.3,66,77.4,3,9.64
6271,同欣電,349126,279,35069822,101,101.5,99.9,101.5,+,0.5,101,1,101.5,8,17.32
6277,宏正,67100,47,6058559,90.2,90.9,90.1,90.1, ,0,90.1,4,90.2,1,7.13
6278,台表科,5062967,2954,264110967,52.5,52.9,51.2,52.3,+,0.5,52.3,14,52.4,115,13.41
6281,全國電,37000,30,2425500,65.6,65.7,65.5,65.5,-,0.1,65.5,76,65.6,10,18.71
6282,康舒,961100,488,18637890,19.4,19.6,19.25,19.3,-,0.1,19.25,64,19.3,1,8.43
6283,淳安,109256,92,3806867,35.05,35.35,34.5,34.5,-,0.5,34.5,23,34.7,2,115
6285,啟碁,879095,623,60808386,69.5,69.6,68.9,69.1,-,0.5,69.1,17,69.3,5,14.19
6288,聯嘉,390000,187,6726200,17.55,17.55,17.05,17.25,-,0.3,17.2,11,17.25,1,19.17
6289,華上,80000,8,48790,0.6,0.61,0.6,0.61,+,0.01,0.61,20,0.63,44,2.44
6405,悅城,18000,6,252750,14,14.15,14,14.1,-,0.15,14,15,14.15,2,0
6409,旭隼,27032,28,15840880,585,592,581,585,+,5,582,3,586,2,24.29
6412,群電,35250,37,1687100,48,48.05,47.5,47.55,+,0.1,47.55,2,47.6,2,15.69
6414,樺漢,333062,307,68918302,209.5,211,205,205.5,-,4.5,205.5,8,206.5,2,16.69
6415,矽力-KY,258500,257,115489000,443,453,443,451,+,8,450.5,2,452,3,22.86
6416,瑞祺電通,67300,64,4902168,72.9,73.6,72.3,72.9,-,0.1,72.6,1,72.9,1,13.97
6431,光麗-KY,51000,32,1390350,27.35,27.6,27.15,27.2,-,0.15,27.2,11,27.6,3,0
6442,光聖,38000,21,1452950,38.5,38.8,37.7,38.45,-,0.05,38.45,11,38.5,30,13.21
6443,元晶,657700,204,4032855,6.15,6.19,6.08,6.08,-,0.03,6.08,8,6.13,16,0
6449,鈺邦,214425,173,5990622,28.2,28.25,27.7,27.7,-,0.6,27.7,13,27.85,2,19.93
6451,訊芯-KY,790700,601,70389549,88.6,90.1,88.2,89.8,+,2.1,89.8,2,89.9,23,21.85
6452,康友-KY,156181,146,33423453,216.5,216.5,212.5,213.5,-,1.5,213.5,11,214,4,14.62
6456,GIS-KY,3160302,2337,312533198,98.3,100,98,98.1,-,1.2,98.1,9,98.3,3,8.15
6464,台數科,16000,10,1706500,106,107,106,107, ,0,106.5,3,107,2,20.66
6477,安集,271200,132,6228150,23.25,23.3,22.8,22.95,-,0.3,22.95,1,23,15,8.73
6504,南六,36049,37,5796889,163,163,159.5,159.5,-,3.5,159.5,1,161,2,19.03
6505,台塑化,1902358,1002,218679346,115.5,116,114.5,115,-,1.5,114.5,133,115,154,21.46
6525,捷敏-KY,164126,139,10991946,67.9,68,66.3,66.3,-,1.6,66.3,3,66.9,5,9.74
6531,愛普,24000,20,878750,36.45,36.75,36.45,36.55,+,0.05,36.3,2,36.55,1,0
6533,晶心科,393351,326,39478851,100,101.5,99.9,101,+,0.5,100.5,7,101,20,109.78
6541,泰福-KY,106141,77,7912632,75.2,75.2,73.8,74.7,-,0.6,74.7,8,74.8,3,0
6552,易華電,7793424,5683,689859812,92.1,93.3,86.4,87.5,-,5.8,87.4,1,87.5,16,26.84
6558,興能高,426700,369,24572720,57.3,58,57.1,57.5, ,0,57.5,38,57.6,2,30.1
6573,虹揚-KY,148000,54,3533300,24.15,24.3,23.55,24,+,0.1,24,3,24.1,3,88.89
6579,研揚,83000,25,6687000,80.5,81,80.2,80.8,+,0.2,80.6,15,80.8,1,17.38
6581,鋼聯,3000,3,283100,94.5,94.5,94.3,94.3,-,0.8,94.3,3,95,1,13.53
6582,申豐,1000,1,53800,53.8,53.8,53.8,53.8,-,0.4,53.7,1,54.7,1,12.17
6591,動力-KY,117500,93,4869350,42.05,42.1,41.05,41.25,-,1.05,41.1,5,41.3,3,21.05
6605,帝寶,86000,48,5899000,68.7,68.8,68.3,68.5,-,0.1,68.4,2,68.5,1,11.23
6625,必應,11100,12,572380,51.6,52,51,51.8,+,0.2,51.8,1,51.9,2,14.55
6641,基士德-KY,22100,21,1400630,63.4,63.6,63.1,63.2,-,0.1,63.1,3,63.4,2,10.06
6655,科定,32000,18,1711500,53.5,53.5,53.3,53.3,-,0.2,53.3,5,53.6,1,17.03
6666,羅麗芬-KY,69012,51,12412684,181.5,181.5,179,180, ,0,180,1,180.5,10,17.98
6668,中揚光,62150,58,3770180,60.6,61.1,60.5,60.5,-,0.6,60.5,1,61,2,29.51
6669,緯穎,725598,716,234040350,318.5,326,315.5,324.5,+,2.5,324,4,324.5,4,10.15
6670,復盛應用,705280,582,122781620,172,176,171.5,174.5,+,3.5,174,18,174.5,2,11.02
6671,三能-KY,1000,1,45100,45.1,45.1,45.1,45.1,+,0.1,44.25,1,45.2,11,15.34
6672,騰輝電子-KY,165070,131,11924640,73,73.1,71.7,71.8,-,1.2,71.7,1,71.8,11,11.45
6674,鋐寶科技,34000,27,1024350,30.1,30.45,29.6,29.65,-,0.3,29.65,2,30,6,10.74
8011,台通,90081,64,1440710,16.1,16.1,15.9,16,+,0.1,15.95,5,16.05,11,0
8016,矽創,2661637,1708,347832447,131,132.5,128,131,-,2.5,130.5,2,131,7,17.26
8021,尖點,106900,65,2029500,19.05,19.1,18.9,18.9,-,0.1,18.9,7,19,8,12.04
8028,昇陽半導體,654150,410,28501439,43.6,43.85,43.2,43.6,+,0.45,43.5,1,43.6,2,21.8
8033,雷虎,338303,183,3686585,11,11.05,10.8,10.85,-,0.15,10.85,32,10.95,41,0
8039,台虹,1093660,731,41042982,37.85,38.15,37.2,37.4,-,0.4,37.35,4,37.45,11,13.75
8046,南電,6532461,3585,209060505,32.85,33.2,31.5,31.55,-,1.1,31.55,124,31.6,3,0
8070,長華,109050,91,16115000,149,149,146.5,148.5,-,1,148,4,148.5,1,8.84
8072,陞泰,17800,11,366650,20.7,20.7,20.55,20.55,-,0.15,20.5,16,20.8,1,0
8081,致新,1057730,851,91227858,87.8,88.3,84.8,85.7,-,2.3,85.7,16,85.8,7,12.81
8101,華冠,72701,39,210876,2.88,2.94,2.88,2.88, ,0,2.88,1,2.89,7,0
8103,瀚荃,29372,21,703690,24,24,23.85,24,+,0.1,23.85,9,24,3,9.2
8104,錸寶,33200,38,2233460,67.5,67.5,67,67.3,-,0.8,67.3,1,67.4,2,13.38
8105,凌巨,2056019,750,21571695,10.6,10.8,10.3,10.35,-,0.25,10.3,21,10.35,11,0
8110,華東,384000,169,3600850,9.43,9.46,9.32,9.35,-,0.1,9.35,45,9.36,9,19.89
8112,至上,1180980,674,37009471,31.4,31.4,31.2,31.3,+,0.05,31.3,33,31.35,20,8.67
8114,振樺電,49080,46,5141400,105.5,105.5,104,104,-,0.5,103.5,8,104.5,14,11.09
8131,福懋科,218658,142,7404253,33.8,34.25,33.6,34.25,+,0.4,33.75,3,34.25,4,10.87
8150,南茂,4712652,2670,111691664,24.35,24.4,23.25,23.35,-,1,23.35,12,23.4,1,13.34
8163,達方,1273380,795,53344150,42.2,42.4,41.7,41.75,-,0.45,41.75,3,41.8,1,7.42
8201,無敵,15036,19,183185,12.4,12.4,12.15,12.25,-,0.2,12.2,3,12.25,1,0
8210,勤誠,120862,111,7436525,61.5,62.2,61.2,61.7,+,0.3,61.6,1,61.7,2,9.54
8213,志超,647781,460,22930489,35.7,35.85,35.2,35.45,-,0.2,35.35,6,35.45,4,7.86
8215,明基材,1469265,890,34512375,23.9,23.9,23.25,23.4,-,0.5,23.35,27,23.4,14,26
8222,寶一,888372,493,18990908,20.9,21.8,20.85,21.8,+,1,21.8,11,21.85,1,27.59
8249,菱光,49545,48,1073575,21.95,21.95,21.5,21.6,-,0.35,21.55,3,21.95,2,11.43
8261,富鼎,103575,96,2545678,24.6,24.8,24.4,24.4,-,0.1,24.35,7,24.5,2,11.67
8271,宇瞻,97201,80,3120870,32.4,32.4,32,32.15,-,0.35,32.1,2,32.15,10,9.8
8341,日友,175245,177,46706781,269,269.5,265,267.5,-,1.5,267,1,268,1,35.62
8367,建新國際,11000,8,243600,22.2,22.2,22,22,-,0.1,22,1,22.15,4,13.33
8374,羅昇,78800,46,1521430,19.7,19.7,19.2,19.25,-,0.55,19.25,12,19.3,5,22.38
8404,百和興業-KY,169513,112,8057041,47.4,47.8,47,47.8,+,0.2,47.05,3,47.8,10,38.55
8411,福貞-KY,42605,20,632564,14.9,15,14.75,15,+,0.1,14.8,6,15,2,0
8422,可寧衛,103556,84,17509520,169,169.5,168.5,169,+,0.5,168.5,59,169.5,23,15.14
8427,基勝-KY,2000,2,76500,38.25,38.25,38.25,38.25,-,0.2,38.2,2,39.4,1,55.43
8429,金麗-KY,223009,140,3320280,14.95,15,14.8,14.9,-,0.05,14.9,3,14.95,40,7.56
8442,威宏-KY,55000,10,3272900,59.5,59.6,59,59.5,-,0.2,58.8,1,59.4,1,16.48
8443,阿瘦,8001,7,95712,12,12,11.9,11.9,-,0.05,11.9,3,12,1,238
8454,富邦媒,28332,32,6865842,242,243,242,242.5,+,0.5,242,1,242.5,1,22.11
8462,柏文,102044,114,25151824,246,249,244,246,+,1,246,3,246.5,6,31.02
8463,潤泰材,15000,14,376950,25.2,25.2,25.1,25.1, ,0,25.1,4,25.15,2,31.77
8464,億豐,448611,351,98310309,217,221,215.5,219.5,+,0.5,219,2,219.5,16,16.73
8466,美吉吉-KY,20078,21,1383521,68.9,69.1,68.7,69.1,+,0.5,68.7,2,69.2,1,12.02
8467,波力-KY,15000,15,629250,42.45,42.7,41.5,42,+,0.3,41.8,1,42,17,14.79
8473,山林水,261613,157,13695995,52.4,52.7,51.6,52.7,-,0.1,52.2,1,52.8,11,23.95
8478,東哥遊艇,41000,32,1654700,39.7,40.95,39.5,40.6,+,0.9,40.5,1,40.75,1,25.53
8480,泰昇-KY,62250,44,7678250,126,126,122,122,-,4,120.5,1,123,3,16.9
8481,政伸,51000,34,3064700,60.2,61,59.8,61,+,1.1,59.9,2,61,1,17.38
8482,商億-KY,48000,30,6648500,140,140,137.5,137.5,-,2.5,137,10,139,18,15.09
8488,吉源-KY,14000,9,219200,15.65,15.8,15.6,15.8, ,0,15.65,3,15.8,2,0
8497,格威傳媒,6000,6,294150,49.15,49.15,49,49,-,0.15,49,2,49.5,2,10.12
8499,鼎炫-KY,52100,48,4965420,96.5,96.8,94.5,94.7,-,1.8,94.7,7,95,1,10.95
8926,台汽電,610562,247,16552501,27.15,27.2,27.05,27.1,-,0.05,27.1,1,27.15,17,18.56
8940,新天地,17000,13,207800,12.25,12.35,12.2,12.35,+,0.05,12.2,6,12.35,7,0
8996,高力,75200,65,3150850,43.1,43.1,41.1,41.5,-,1.2,41.5,6,41.85,4,13.39
9103,美德醫療-DR,266000,20,273380,1.02,1.04,1.02,1.03,+,0.01,1.02,238,1.03,36,0
910322,康師傅-DR,345000,11,8481650,25,25,22.25,24.6,X,0,24.2,1,24.6,1,0
910482,聖馬丁-DR,999,2,278,--,--,--,--, ,0,0.3,30,0.31,44,0
9105,泰金寶-DR,881314,93,2088783,2.38,2.38,2.36,2.37, ,0,2.36,417,2.37,31,0
910708,恒大健-DR,0,0,0,--,--,--,--, ,0,1555,1,1680,1,0
910861,神州-DR,26000,7,204440,7.98,7.98,7.8,7.9,X,0,7.78,4,7.89,3,0
9110,越南控-DR,37000,14,64800,1.8,1.8,1.71,1.8,+,0.01,1.72,3,1.79,1,0
911608,明輝-DR,26000,4,26480,1,1.02,1,1.02,+,0.08,1,29,1.02,5,0
911616,杜康-DR,29000,9,22950,0.78,0.8,0.78,0.8, ,0,0.79,9,0.8,29,0
911619,耀傑-DR,0,0,0,--,--,--,--, ,0,--,0,0.37,5,0
911622,泰聚亨-DR,0,0,0,--,--,--,--, ,0,5.8,3,6.35,2,0
911868,同方友友-DR,12000,3,13810,1.1,1.17,1.1,1.16,-,0.02,1.11,17,1.16,10,0
912000,晨訊科-DR,40000,19,102510,2.59,2.59,2.54,2.59,+,0.05,2.58,3,2.6,1,0
912398,友佳-DR,20199,10,91235,4.51,4.55,4.5,4.5,-,0.05,4.51,2,4.55,5,0
9136,巨騰-DR,114000,18,871020,7.64,7.7,7.63,7.63,-,0.06,7.63,3,7.64,27,0
9157,陽光能源-DR,0,0,0,--,--,--,--, ,0,0.57,9,0.61,17,0
9188,精熙-DR,0,0,0,--,--,--,--, ,0,4.81,11,4.84,90,0
9802,鈺齊-KY,353636,260,24998036,70.6,71.3,70.2,70.5,-,0.5,70.5,3,70.7,4,13.18
9902,台火,118978,56,1191030,9.98,10.1,9.97,10.1, ,0,9.98,9,10.1,53,31.56
9904,寶成,4925671,1887,181980033,36.75,37.2,36.75,37.2,+,0.5,37.1,16,37.2,243,9.47
9905,大華,42000,24,1042700,24.9,24.9,24.7,24.7,-,0.2,24.7,3,24.75,5,17.15
9906,欣巴巴,3181,5,38889,12.3,12.3,12.2,12.2,-,0.05,12.2,3,12.3,1,0
9907,統一實,714440,406,8877826,12.55,12.55,12.35,12.45, ,0,12.4,45,12.45,42,13.11
9908,大台北,41220,45,1198923,29.05,29.2,29.05,29.1, ,0,29.05,15,29.2,2,20.49
9910,豐泰,1041832,884,252143924,237,244,236.5,243.5,+,9,243,5,243.5,11,27.21
9911,櫻花,182134,134,7847321,42.95,43.3,42.95,43.1,+,0.25,43.1,1,43.15,1,11.74
9912,偉聯,37849,26,341671,9.1,9.1,8.97,9.05, ,0,9.05,1,9.08,3,0
9914,美利達,1236607,980,216618206,172,178,170.5,173.5,+,3.5,173.5,12,174,1,23.77
9917,中保,62007,84,5499923,88.6,88.9,88.4,88.5,-,0.6,88.5,6,88.8,5,19.07
9918,欣天然,1000,1,33500,33.5,33.5,33.5,33.5, ,0,33.45,2,33.9,1,24.45
9919,康那香,96003,42,1022530,10.65,10.7,10.6,10.7,-,0.05,10.65,3,10.7,15,0
9921,巨大,1163872,994,264912758,226,230,223.5,225.5,+,5.5,225.5,15,226.5,17,25.71
9924,福興,476104,345,21036432,44.6,44.6,44.05,44.1,-,0.5,44.1,13,44.15,3,10.18
9925,新保,165570,72,6301299,38.05,38.2,37.9,38.15,+,0.1,37.9,5,38.15,7,17.83
9926,新海,3070,4,124363,40.5,40.5,40.5,40.5, ,0,40.5,3,40.6,3,22.5
9927,泰銘,84094,65,2601342,30.95,31,30.8,30.85,-,0.1,30.85,3,31,1,18.7
9928,中視,3944,8,18717,4.7,4.93,4.7,4.93,-,0.02,4.81,1,4.94,3,0
9929,秋雨,12000,6,210000,17.6,17.6,17.45,17.6,-,0.2,17.3,1,17.5,8,0
9930,中聯資源,58632,52,3062578,52.2,52.6,52.1,52.2, ,0,52.2,2,52.5,2,14.5
9931,欣高,3000,3,98050,32.7,32.7,32.65,32.7,+,0.05,32.65,4,32.8,2,16.68
9933,中鼎,753451,510,34710868,46.2,46.3,45.9,45.9,-,0.1,45.9,16,45.95,1,20.22
9934,成霖,622972,279,11221690,18,18.1,17.95,18.05,+,0.05,18,49,18.1,90,9.7
9935,慶豐富,820050,384,19643707,23.3,24.4,23.25,24.1,+,0.85,24.1,7,24.15,8,16.07
9937,全國,371000,151,15872550,42.65,42.95,42.5,42.75,+,0.05,42.75,1,42.95,1,17.45
9938,百和,1374767,944,101422873,75,75.5,72.6,73.5,-,1.7,73.5,19,73.6,7,15.64
9939,宏全,602623,405,31185384,51.6,51.9,51.4,51.8,+,0.2,51.7,17,51.8,15,13.25
9940,信義,331000,203,10857845,33.1,33.15,32.6,33.05,-,0.1,33,3,33.05,3,14.12
9941,裕融,115600,126,12782395,110.5,111,110,111,+,0.5,110.5,15,111,19,15.63
9942,茂順,72000,53,5193100,72.5,72.5,72,72,-,0.5,72,18,72.1,2,13.09
9943,好樂迪,238876,137,15849638,66.3,66.4,66.2,66.4,+,0.1,66.3,52,66.4,17,10.46
9944,新麗,621480,202,11790856,19.3,19.3,18.3,18.35,-,0.55,18.3,13,18.4,22,152.92
9945,潤泰新,443076,287,18058593,40.95,40.95,40.65,40.7,-,0.2,40.65,14,40.7,5,4.31
9946,三發地產,2440325,1004,50246492,20.6,20.9,20.15,20.6, ,0,20.6,24,20.65,54,7.05
9955,佳龍,4615399,2298,76946270,16.05,17.1,16,16.7,+,0.8,16.7,5,16.75,1,0
9958,世紀鋼,5194018,3372,356008642,68.7,69.7,67.5,68.7,+,0.1,68.6,19,68.7,12,404.12